,Baseline,Baseline,Baseline,Quantized_Model,Quantized_Model,Quantized_Model,Prompt_Compression,Prompt_Compression,Prompt_Compression,Quantized_Prompt_Compression,Quantized_Prompt_Compression,Quantized_Prompt_Compression
,Latency_Sec,RAM_Used_MB,Output_Word_Count,Latency_Sec,RAM_Used_MB,Output_Word_Count,Latency_Sec,RAM_Used_MB,Output_Word_Count,Latency_Sec,RAM_Used_MB,Output_Word_Count
Paper_ID,,,,,,,,,,,,
0,0.757,0.09,47.0,0.212,0.0,9.0,2.011,0.0,18.0,2.018,0.0,18.0
1,2.035,0.0,18.0,2.019,0.0,18.0,2.034,0.0,18.0,2.036,0.0,18.0
2,2.017,0.0,18.0,2.019,0.01,18.0,2.018,0.0,18.0,2.019,0.0,18.0
3,2.035,0.0,18.0,2.019,0.0,18.0,2.034,0.0,18.0,2.021,0.0,18.0
4,2.015,0.0,18.0,2.003,0.0,18.0,2.021,0.0,18.0,2.015,0.0,18.0
5,2.019,0.0,18.0,2.018,0.0,18.0,2.015,0.0,18.0,2.018,0.0,18.0
6,2.019,0.0,18.0,9.266,0.0,64.0,2.868,0.0,122.0,2.867,0.0,205.0
7,1.1,0.0,63.0,2.862,0.0,194.0,0.846,0.0,47.0,1.95,0.0,124.0
8,1.018,0.0,52.0,1.359,0.0,73.0,1.617,0.0,113.0,1.305,0.0,85.0
9,1.461,0.0,104.0,7.488,0.0,560.0,0.952,0.0,66.0,1.525,0.0,92.0
10,1.001,0.0,62.0,1.875,0.0,99.0,2.145,0.0,154.0,2.817,0.0,181.0
11,1.302,0.0,76.0,2.946,0.0,198.0,1.139,0.01,76.0,1.719,0.0,103.0
12,1.06,0.01,71.0,1.683,0.0,113.0,1.399,0.07,99.0,2.019,0.0,129.0
13,0.997,0.0,57.0,1.514,0.0,98.0,1.064,0.0,60.0,1.362,0.0,80.0
14,1.469,0.0,81.0,1.74,0.0,93.0,1.185,0.0,59.0,1.734,0.0,73.0
15,2.169,0.0,171.0,1.881,0.03,120.0,1.121,0.1,67.0,1.925,0.01,111.0
16,0.95,0.02,57.0,1.169,0.04,67.0,1.714,0.0,113.0,2.714,0.0,143.0
17,1.467,0.0,89.0,1.659,0.02,80.0,2.327,0.04,161.0,1.851,0.0,107.0
18,1.962,0.0,77.0,3.999,0.0,177.0,2.241,0.09,133.0,2.773,0.27,152.0
19,1.499,0.16,76.0,2.374,0.03,158.0,1.294,0.03,96.0,0.944,0.06,60.0
20,1.036,0.08,63.0,1.715,0.0,121.0,0.89,0.07,45.0,1.832,0.02,113.0
21,2.128,0.02,149.0,9.75,0.15,673.0,1.29,0.02,68.0,1.301,0.02,67.0
22,0.842,0.0,52.0,0.971,0.02,56.0,1.928,0.01,141.0,1.777,0.02,115.0
23,1.426,0.04,96.0,1.369,0.09,89.0,1.373,0.0,92.0,1.6,0.0,108.0
24,1.212,0.0,69.0,4.157,0.0,138.0,1.132,0.2,64.0,2.553,0.0,140.0
25,1.297,0.12,91.0,1.485,0.07,74.0,1.753,0.16,106.0,1.679,0.05,101.0
26,1.478,0.07,93.0,1.308,0.02,69.0,1.326,0.04,85.0,4.032,0.06,289.0
27,1.976,0.05,123.0,1.318,0.02,8.0,1.827,0.03,131.0,1.612,0.0,93.0
28,1.456,0.09,77.0,1.252,0.02,73.0,1.259,0.01,79.0,2.498,0.12,157.0
29,1.753,0.05,125.0,1.598,0.0,104.0,0.984,0.0,56.0,2.429,0.0,79.0
30,2.321,0.0,88.0,1.493,0.12,78.0,1.86,0.08,121.0,1.391,0.32,75.0
31,0.972,0.19,50.0,1.841,0.04,75.0,0.995,0.05,55.0,5.015,0.09,371.0
32,1.202,0.04,81.0,1.988,0.02,107.0,1.551,0.04,122.0,1.503,0.04,91.0
33,1.487,0.08,66.0,2.865,0.02,138.0,1.506,0.07,101.0,2.985,0.02,220.0
34,1.694,0.02,121.0,1.627,0.15,99.0,1.25,0.05,77.0,1.195,0.04,66.0
35,1.104,0.03,62.0,1.267,0.01,80.0,1.424,0.03,98.0,1.503,0.0,90.0
36,1.223,0.0,84.0,2.298,0.61,84.0,2.075,0.0,68.0,2.299,0.05,157.0
37,1.698,0.0,58.0,2.442,0.09,112.0,1.164,0.1,72.0,1.177,0.32,52.0
38,1.494,0.13,70.0,2.145,0.07,107.0,1.803,0.09,120.0,2.964,0.08,177.0
39,1.303,0.07,85.0,3.328,0.08,240.0,1.405,0.02,73.0,1.922,0.25,131.0
40,1.669,0.07,125.0,1.328,0.03,75.0,1.619,0.03,117.0,1.587,0.01,95.0
41,1.452,0.03,102.0,1.278,0.02,81.0,0.94,0.07,61.0,1.914,0.02,126.0
42,1.332,0.01,95.0,1.515,0.02,108.0,1.285,0.02,91.0,1.39,0.0,89.0
43,0.983,0.0,55.0,1.238,0.0,53.0,1.177,0.0,60.0,3.476,0.0,127.0
44,1.744,0.14,96.0,1.474,0.04,77.0,1.303,0.02,68.0,2.138,0.02,161.0
45,1.194,0.04,74.0,1.405,0.29,85.0,1.422,0.01,71.0,1.842,0.01,122.0
46,1.338,0.02,80.0,1.74,0.01,103.0,1.584,0.03,111.0,1.441,0.02,77.0
47,1.112,0.04,71.0,1.441,0.0,90.0,1.237,0.02,80.0,1.024,0.0,60.0
48,1.245,0.04,83.0,1.425,0.02,98.0,1.423,0.02,105.0,1.245,0.0,84.0
49,1.54,0.03,91.0,1.265,0.0,73.0,1.098,0.0,49.0,3.675,0.0,174.0
50,2.09,0.0,84.0,2.437,0.0,102.0,1.375,0.17,81.0,1.493,0.72,69.0
51,0.91,1.4,53.0,1.734,0.03,74.0,1.276,0.09,95.0,1.645,0.04,73.0
52,1.151,1.2,68.0,1.661,0.08,92.0,1.267,0.09,72.0,6.04,0.14,400.0
53,1.158,0.04,81.0,1.47,0.04,92.0,0.958,0.01,53.0,1.307,0.02,92.0
54,0.686,0.01,42.0,0.844,0.0,55.0,0.864,0.04,69.0,0.746,0.04,53.0
55,1.139,0.03,75.0,1.688,0.05,106.0,1.527,0.0,99.0,1.403,0.02,81.0
56,1.07,0.04,69.0,2.788,0.02,186.0,0.983,0.0,65.0,1.592,0.0,59.0
57,2.085,0.0,66.0,2.93,0.0,133.0,1.426,0.14,71.0,1.35,0.11,61.0
58,1.126,2.26,44.0,1.796,0.32,76.0,0.922,0.06,47.0,1.121,0.04,56.0
59,1.003,0.07,56.0,1.489,0.07,82.0,1.171,0.02,69.0,1.905,0.03,115.0
60,1.35,0.05,93.0,1.176,0.03,64.0,0.935,0.04,51.0,1.059,0.02,56.0
61,1.002,0.01,57.0,1.396,0.02,76.0,0.984,0.07,68.0,1.141,0.12,68.0
62,1.644,0.0,111.0,1.072,0.01,57.0,1.079,0.02,67.0,0.85,0.0,47.0
63,1.3,0.03,105.0,0.887,0.0,51.0,1.392,0.0,88.0,2.766,0.0,124.0
64,0.968,2.38,57.0,1.241,0.2,64.0,1.696,0.0,77.0,3.027,0.16,178.0
65,1.437,2.3,94.0,3.356,0.34,201.0,0.986,0.13,54.0,1.554,0.05,85.0
66,2.509,0.06,185.0,2.515,0.04,168.0,1.639,0.05,132.0,2.111,0.02,149.0
67,1.095,0.07,68.0,1.913,0.57,119.0,0.876,0.02,48.0,1.269,0.02,69.0
68,1.214,0.04,90.0,1.127,0.02,65.0,1.248,0.01,78.0,1.216,0.02,69.0
69,0.916,0.04,52.0,64.493,0.09,3065.0,4.16,0.0,334.0,2.417,0.0,132.0
70,1.064,0.0,63.0,1.737,0.0,64.0,1.112,0.0,61.0,2.102,0.0,81.0
71,1.362,0.0,67.0,2.072,0.0,60.0,1.171,1.73,86.0,0.94,0.09,72.0
72,1.534,2.37,100.0,1.702,0.07,83.0,1.531,0.35,80.0,1.759,0.55,77.0
73,1.416,0.06,98.0,1.585,0.05,78.0,3.192,1.55,239.0,2.136,0.05,122.0
74,1.308,0.08,90.0,1.485,0.03,67.0,0.934,0.04,54.0,1.322,0.14,60.0
75,1.627,0.02,97.0,1.949,0.0,102.0,0.936,0.02,39.0,2.314,0.02,132.0
76,1.156,0.02,77.0,1.032,0.01,60.0,1.145,0.03,69.0,1.764,0.0,87.0
77,0.949,0.06,61.0,1.049,0.0,47.0,1.073,0.0,62.0,1.742,0.0,47.0
78,2.148,0.0,105.0,2.306,0.0,72.0,1.177,0.08,52.0,2.066,0.24,127.0
79,1.755,0.05,93.0,1.486,0.02,67.0,1.515,0.02,74.0,1.515,0.02,74.0
80,1.468,0.05,72.0,6.095,0.08,286.0,1.211,0.04,80.0,1.285,0.02,65.0
81,1.394,0.04,62.0,2.084,0.04,84.0,1.605,0.03,92.0,1.741,0.03,82.0
82,1.498,0.02,68.0,1.682,0.03,97.0,1.41,0.01,78.0,1.063,0.0,51.0
83,0.968,0.02,54.0,1.268,0.02,68.0,1.371,0.0,81.0,2.489,0.0,92.0
84,2.042,0.08,77.0,1.466,1.14,70.0,1.0,0.0,55.0,1.733,0.0,76.0
85,1.43,1.44,67.0,1.989,0.05,89.0,1.043,0.05,64.0,2.623,0.06,133.0
86,1.366,0.08,96.0,1.78,0.05,86.0,1.741,0.02,108.0,1.535,0.04,77.0
87,0.907,0.07,55.0,1.41,0.02,91.0,0.98,0.01,59.0,2.135,0.04,131.0
88,1.34,0.01,88.0,1.444,0.02,85.0,1.467,0.02,98.0,1.465,0.01,100.0
89,1.201,0.01,80.0,1.751,0.07,114.0,1.131,0.03,76.0,1.614,0.02,115.0
90,1.194,0.0,64.0,1.146,0.0,57.0,1.957,0.0,67.0,1.97,0.0,67.0
91,2.188,1.51,101.0,2.574,0.16,132.0,1.16,0.09,69.0,1.05,0.04,54.0
92,1.653,0.12,105.0,1.473,0.08,74.0,1.552,0.08,106.0,1.339,0.03,72.0
93,1.538,0.04,100.0,1.999,0.01,109.0,1.955,0.84,132.0,1.849,0.02,98.0
94,1.221,0.08,79.0,1.094,0.01,61.0,0.958,0.04,59.0,1.215,0.16,76.0
95,1.215,0.01,78.0,1.196,0.0,65.0,1.677,0.01,119.0,1.759,0.01,106.0
96,1.091,0.03,71.0,1.31,0.01,76.0,1.663,0.03,104.0,1.364,0.04,76.0
97,1.574,0.0,101.0,1.082,0.0,65.0,0.952,0.0,46.0,3.09,0.0,153.0
98,1.012,0.13,53.0,1.371,0.04,80.0,1.001,0.05,65.0,1.341,0.02,69.0
99,1.022,0.07,55.0,1.857,0.02,114.0,1.894,0.04,130.0,1.517,0.02,95.0
100,1.168,0.04,90.0,1.308,0.08,92.0,1.406,0.02,108.0,1.222,0.02,85.0
101,0.998,0.06,60.0,1.515,0.02,78.0,1.855,0.01,147.0,2.431,0.01,162.0
102,0.977,0.01,63.0,1.353,0.0,93.0,0.877,0.06,58.0,1.255,0.0,75.0
103,1.383,0.0,84.0,2.331,0.0,142.0,1.39,0.0,66.0,1.792,0.0,104.0
104,1.783,0.11,62.0,2.222,0.0,80.0,1.578,1.7,106.0,1.218,0.08,69.0
105,1.15,1.49,65.0,2.053,0.09,121.0,0.882,0.15,47.0,2.104,0.38,115.0
106,1.279,0.07,84.0,1.632,0.01,105.0,1.519,0.0,101.0,1.237,0.02,76.0
107,1.411,0.09,91.0,1.426,0.02,86.0,1.256,0.04,79.0,1.228,0.0,72.0
108,1.334,0.07,93.0,1.443,0.01,86.0,1.308,0.03,89.0,1.214,0.0,87.0
109,1.539,0.05,90.0,1.932,0.01,123.0,1.565,0.0,95.0,1.073,0.0,59.0
110,1.497,0.0,103.0,38.682,0.0,1867.0,1.081,0.0,63.0,1.361,0.0,67.0
111,1.232,0.0,80.0,1.737,0.09,104.0,1.325,0.0,68.0,1.839,0.87,111.0
112,1.075,0.05,59.0,2.273,0.01,148.0,1.552,0.01,67.0,1.974,0.01,108.0
113,1.374,0.03,87.0,2.035,0.03,132.0,1.175,0.04,80.0,1.486,0.0,81.0
114,1.087,0.02,76.0,1.7,0.02,101.0,1.401,0.0,77.0,1.739,0.0,110.0
115,1.495,0.0,62.0,1.909,0.0,103.0,1.22,0.0,57.0,2.998,0.0,182.0
116,1.459,0.0,81.0,2.159,0.0,77.0,1.698,0.11,97.0,1.488,0.5,86.0
117,1.377,0.07,104.0,2.165,0.04,129.0,0.964,0.04,58.0,1.214,0.01,76.0
118,0.931,0.07,55.0,1.787,0.04,115.0,1.677,0.02,121.0,1.588,0.01,93.0
119,0.992,0.05,58.0,4.354,0.05,321.0,1.458,0.04,96.0,4.803,0.02,339.0
120,0.933,0.02,56.0,1.457,0.0,100.0,1.203,0.07,87.0,0.865,0.02,50.0
121,1.063,0.03,77.0,1.379,0.04,88.0,1.02,0.0,64.0,1.003,0.0,54.0
122,1.265,0.0,56.0,2.095,0.0,63.0,0.986,0.21,62.0,2.002,0.0,130.0
123,1.444,0.0,107.0,2.619,0.0,67.0,0.836,0.16,46.0,1.03,0.06,56.0
124,1.277,2.31,80.0,1.738,0.29,68.0,1.244,0.05,70.0,2.936,0.03,207.0
125,0.922,0.09,60.0,1.338,0.03,70.0,0.886,0.03,56.0,1.601,0.05,85.0
126,1.144,0.05,73.0,1.368,0.03,89.0,1.834,0.04,138.0,1.272,0.05,79.0
127,0.923,0.04,44.0,1.394,0.0,78.0,1.6,0.05,118.0,2.752,0.13,196.0
128,1.264,0.03,70.0,1.461,0.02,78.0,1.2,0.0,64.0,1.847,0.02,111.0
129,1.195,0.05,77.0,1.515,0.01,97.0,1.879,0.0,76.0,1.15,0.07,64.0
130,1.625,0.0,56.0,2.682,0.0,76.0,2.087,2.5,102.0,4.229,0.1,220.0
131,1.014,1.88,55.0,1.56,0.04,86.0,1.212,0.04,74.0,1.388,0.06,80.0
132,1.303,0.09,84.0,1.334,0.03,81.0,0.911,0.04,58.0,1.927,0.02,155.0
133,1.159,0.02,76.0,1.552,0.46,92.0,0.862,0.03,50.0,1.492,0.05,98.0
134,1.134,0.05,70.0,1.83,0.02,105.0,1.097,0.04,67.0,1.62,0.02,102.0
135,1.056,0.05,65.0,1.212,0.0,78.0,1.199,0.03,74.0,1.562,0.02,107.0
136,1.043,0.06,57.0,1.328,0.0,70.0,2.914,0.0,106.0,2.098,0.0,59.0
137,1.665,2.35,48.0,1.536,0.13,93.0,1.047,0.21,73.0,1.468,0.04,90.0
138,0.978,0.07,54.0,1.838,0.01,88.0,1.967,0.04,118.0,2.16,0.38,148.0
139,1.287,0.05,78.0,1.731,0.0,88.0,1.041,0.04,54.0,1.876,0.0,111.0
140,0.899,0.03,58.0,4.816,0.1,312.0,1.344,0.02,95.0,1.335,0.02,81.0
141,1.254,0.04,69.0,1.894,0.04,121.0,1.141,0.02,64.0,1.845,0.0,114.0
142,1.029,0.02,65.0,1.174,0.01,71.0,1.041,0.0,68.0,3.278,0.0,227.0
143,1.426,0.0,101.0,1.849,0.0,102.0,1.203,0.0,67.0,1.832,0.0,68.0
144,0.962,0.0,67.0,1.818,0.24,122.0,1.052,0.0,72.0,1.653,0.02,104.0
145,1.256,0.02,63.0,1.152,0.02,53.0,1.491,0.0,84.0,1.543,0.01,90.0
146,1.572,0.0,122.0,1.564,0.0,99.0,1.649,0.02,128.0,1.186,0.0,68.0
147,1.103,0.0,72.0,1.745,0.0,105.0,0.941,0.0,55.0,1.831,0.0,120.0
148,1.735,0.0,121.0,2.304,0.0,84.0,1.818,0.0,80.0,3.55,0.0,117.0
149,1.63,2.41,81.0,2.395,0.42,119.0,1.528,0.1,83.0,1.703,0.39,86.0
150,0.917,0.05,53.0,1.382,0.04,81.0,1.004,0.05,66.0,2.381,0.04,169.0
151,1.05,0.05,65.0,1.386,0.01,81.0,1.059,0.06,60.0,1.265,0.05,71.0
152,1.39,0.04,99.0,0.884,0.01,49.0,1.251,0.0,85.0,42.562,0.16,2806.0
153,1.099,0.05,72.0,1.393,0.02,76.0,2.294,0.05,145.0,2.843,0.06,185.0
154,0.834,0.06,43.0,92.698,0.0,4670.0,1.315,0.0,73.0,1.736,0.0,67.0
155,1.267,0.0,43.0,1.452,0.0,66.0,1.649,0.0,98.0,1.485,0.45,64.0
156,4.062,1.96,239.0,70.631,0.22,2772.0,2.589,0.07,147.0,15.628,0.05,626.0
157,1.605,0.03,105.0,1.889,0.02,93.0,1.739,0.06,116.0,1.672,0.03,109.0
158,3.782,0.04,299.0,0.961,0.04,49.0,1.226,0.01,83.0,1.308,0.02,89.0
159,1.206,0.03,79.0,1.728,0.02,113.0,1.429,0.0,106.0,1.274,0.0,77.0
160,1.251,0.0,82.0,4.142,0.0,287.0,1.078,0.0,74.0,1.866,0.06,108.0
161,1.074,0.0,61.0,1.161,0.01,65.0,0.86,0.0,50.0,1.239,0.0,70.0
162,1.034,0.05,55.0,1.399,0.0,57.0,1.582,0.0,111.0,1.332,0.0,84.0
163,1.277,0.0,77.0,1.367,0.03,66.0,1.664,0.05,113.0,1.37,0.02,79.0
164,1.102,0.08,61.0,1.687,0.04,112.0,1.285,0.01,79.0,3.699,0.05,285.0
165,1.335,0.03,84.0,1.668,0.01,97.0,1.06,0.0,61.0,1.591,0.02,101.0
166,0.794,0.02,40.0,2.366,0.0,149.0,1.086,0.0,73.0,1.455,0.0,93.0
167,0.973,0.0,53.0,2.809,0.0,81.0,1.65,0.39,120.0,1.23,0.0,75.0
168,1.043,0.09,67.0,2.352,0.02,163.0,1.501,0.05,112.0,1.886,0.01,125.0
169,1.447,0.05,93.0,77.678,0.15,4398.0,1.258,0.03,72.0,3.211,0.02,190.0
170,1.323,0.04,89.0,1.229,0.02,74.0,1.403,0.02,90.0,2.173,0.0,131.0
171,1.425,0.04,78.0,2.019,0.01,137.0,0.955,0.0,57.0,1.553,0.07,101.0
172,1.082,0.0,58.0,1.805,0.01,116.0,1.464,0.0,100.0,2.391,0.0,156.0
173,1.406,0.0,76.0,1.971,0.0,100.0,1.434,0.0,71.0,1.599,0.0,77.0
174,1.032,0.0,67.0,1.631,0.0,93.0,0.986,0.06,55.0,1.493,0.03,94.0
175,1.187,0.04,75.0,1.946,0.02,97.0,1.988,0.0,127.0,1.217,0.0,64.0
176,1.13,0.03,72.0,2.127,0.0,156.0,0.897,0.02,54.0,1.099,0.0,58.0
177,1.369,0.06,83.0,1.56,0.04,90.0,1.249,0.01,84.0,1.604,0.01,94.0
178,1.148,0.0,85.0,1.443,0.01,80.0,2.312,0.0,115.0,1.905,0.0,120.0
179,1.745,0.04,101.0,1.947,0.01,107.0,1.083,0.0,62.0,2.549,0.02,164.0
180,1.914,0.07,118.0,2.709,0.03,159.0,2.477,0.01,166.0,3.04,0.05,200.0
181,1.558,0.05,109.0,1.255,0.02,76.0,1.546,0.11,98.0,1.196,0.02,72.0
182,1.803,0.02,123.0,1.748,0.0,115.0,1.11,0.0,69.0,1.195,0.0,71.0
183,1.075,0.05,70.0,1.158,0.0,66.0,1.168,0.0,75.0,1.222,0.0,71.0
184,2.029,0.0,96.0,3.829,0.0,84.0,1.239,0.12,54.0,5.834,0.0,143.0
185,1.662,1.63,78.0,2.39,0.15,82.0,1.206,0.0,69.0,2.641,0.0,76.0
186,1.723,4.07,96.0,6.804,0.44,399.0,1.12,0.09,71.0,1.271,0.06,72.0
187,1.386,0.2,80.0,1.96,0.02,119.0,1.36,0.02,84.0,2.166,0.06,142.0
188,0.895,0.02,42.0,2.09,0.39,129.0,1.136,0.03,70.0,1.375,0.02,79.0
189,1.06,0.06,63.0,2.136,0.02,136.0,0.875,0.04,50.0,35.608,0.14,2409.0
190,1.036,0.04,61.0,2.685,0.02,165.0,1.212,0.04,66.0,0.967,0.01,42.0
191,1.183,0.04,74.0,69.918,0.0,3685.0,10.036,0.12,742.0,2.14,0.0,111.0
192,1.259,0.0,77.0,4.596,0.0,277.0,1.141,0.04,53.0,2.243,0.04,144.0
193,1.374,0.02,72.0,1.07,0.0,44.0,1.696,0.0,98.0,3.69,0.29,251.0
194,1.348,0.05,90.0,1.495,0.03,81.0,1.145,0.04,72.0,1.473,0.0,82.0
195,1.211,0.0,89.0,75.882,0.0,4371.0,1.24,0.05,79.0,2.643,0.0,150.0
196,0.993,0.0,65.0,4.335,0.0,331.0,1.113,0.03,68.0,1.316,0.0,86.0
197,0.896,0.0,48.0,1.635,0.0,110.0,1.161,0.0,76.0,1.949,0.02,117.0
198,1.672,0.0,90.0,1.441,0.0,68.0,1.46,0.05,82.0,1.496,0.05,93.0
199,1.419,0.04,100.0,1.84,0.49,104.0,1.057,0.01,57.0,1.267,0.02,73.0
200,1.105,0.03,66.0,1.725,0.01,92.0,1.604,0.03,108.0,1.473,0.04,67.0
201,0.941,0.06,61.0,1.306,0.0,84.0,1.548,0.0,104.0,0.922,0.0,54.0
202,1.377,0.0,94.0,1.342,0.0,83.0,1.495,0.01,109.0,1.148,0.0,62.0
203,1.578,0.0,86.0,1.529,0.0,95.0,2.151,0.0,150.0,2.88,0.04,177.0
204,1.278,0.02,59.0,1.354,0.04,58.0,1.427,0.02,95.0,1.48,0.2,90.0
205,1.044,0.05,74.0,1.307,0.02,90.0,1.032,0.04,80.0,1.163,0.0,64.0
206,0.889,0.02,50.0,1.588,0.0,100.0,1.775,0.0,130.0,1.338,0.0,76.0
207,1.48,0.04,87.0,1.53,0.02,86.0,1.443,0.0,96.0,1.584,0.0,92.0
208,1.892,0.0,78.0,3.044,0.0,107.0,1.667,0.0,91.0,2.459,0.07,133.0
209,1.14,2.21,60.0,2.487,0.39,146.0,1.875,0.06,131.0,1.353,0.04,54.0
210,0.971,0.07,56.0,1.259,0.42,64.0,2.423,0.05,167.0,1.247,0.03,70.0
211,1.126,0.04,72.0,1.351,0.01,78.0,1.038,0.02,57.0,2.252,0.01,151.0
212,1.616,0.04,109.0,1.398,0.04,87.0,1.618,0.07,117.0,1.717,0.02,127.0
213,0.953,0.04,59.0,30.601,0.18,1685.0,1.198,0.0,80.0,2.059,0.0,118.0
214,1.936,0.0,106.0,2.811,0.0,65.0,3.315,0.17,181.0,1.25,0.05,55.0
215,1.339,1.86,53.0,2.57,0.04,137.0,1.396,0.09,74.0,1.62,0.33,92.0
216,1.024,0.07,51.0,1.895,0.05,87.0,1.528,0.07,91.0,1.424,0.0,84.0
217,1.159,0.04,71.0,2.358,0.02,131.0,1.39,0.02,92.0,2.525,0.01,164.0
218,0.761,0.06,48.0,1.614,0.04,100.0,2.103,0.06,162.0,1.268,0.0,90.0
219,1.455,0.05,98.0,1.189,0.01,69.0,1.138,0.0,61.0,10.558,0.0,777.0
220,33.329,0.09,2114.0,2.051,0.0,121.0,1.296,0.0,69.0,2.974,0.0,105.0
221,2.159,0.0,68.0,3.22,0.0,125.0,1.6,1.61,73.0,1.032,0.04,61.0
222,1.494,2.16,92.0,1.958,0.04,112.0,1.677,0.26,114.0,2.985,0.07,206.0
223,0.872,0.04,53.0,2.306,0.06,157.0,1.092,0.04,78.0,1.426,0.02,95.0
224,0.952,0.04,61.0,1.641,0.01,106.0,1.557,0.02,112.0,1.041,0.02,69.0
225,1.453,0.09,94.0,1.826,0.02,112.0,1.527,0.01,95.0,2.34,0.04,157.0
226,1.329,0.04,79.0,2.49,0.02,160.0,1.159,0.01,76.0,1.444,0.02,85.0
227,1.128,0.01,70.0,2.199,0.02,163.0,1.401,0.0,86.0,2.388,0.0,82.0
228,1.431,0.0,73.0,1.7,0.0,92.0,1.436,0.0,79.0,1.857,0.0,79.0
229,1.275,1.45,67.0,2.125,0.08,108.0,1.351,0.09,79.0,1.597,0.02,100.0
230,0.885,0.08,40.0,1.59,0.04,97.0,1.334,0.03,84.0,1.3,0.02,84.0
231,1.305,0.02,78.0,1.61,0.02,84.0,1.282,0.04,72.0,1.724,0.0,107.0
232,2.074,0.12,162.0,1.03,0.14,59.0,1.186,0.02,81.0,4.845,0.07,395.0
233,29.268,0.12,1936.0,3.349,0.04,230.0,4.821,0.08,396.0,19.684,0.11,1259.0
234,5.091,0.0,320.0,1.27,0.0,57.0,9.301,0.0,595.0,1.199,0.07,56.0
235,3.044,0.15,179.0,5.886,0.01,188.0,13.326,0.21,857.0,1.481,0.05,80.0
236,18.222,0.14,1159.0,1.419,0.05,95.0,2.352,0.06,165.0,1.763,0.02,119.0
237,2.375,0.07,160.0,1.691,0.0,96.0,2.224,0.0,157.0,1.238,0.29,66.0
238,1.524,0.0,97.0,1.748,0.02,114.0,1.603,0.0,93.0,2.626,0.0,121.0
239,1.62,0.0,115.0,1.378,0.0,58.0,2.292,0.0,90.0,1.5,0.09,91.0
240,15.071,1.02,1253.0,1.352,0.01,75.0,1.375,0.02,95.0,1.095,0.02,78.0
241,3.401,0.05,270.0,1.719,0.0,97.0,2.006,0.01,140.0,1.203,0.03,69.0
242,18.238,0.18,1422.0,1.242,0.01,79.0,3.431,0.05,262.0,1.476,0.01,79.0
243,53.348,0.05,3356.0,1.321,0.12,87.0,61.221,0.02,3896.0,1.172,0.0,72.0
244,1.038,0.0,60.0,2.473,0.0,183.0,7.759,0.0,621.0,3.948,0.0,257.0
245,5.946,0.03,441.0,1.921,0.01,116.0,65.814,0.0,4018.0,1.501,0.08,86.0
246,28.008,0.18,1880.0,8.439,0.07,595.0,8.754,0.03,540.0,1.376,0.0,71.0
247,53.834,0.04,3030.0,1.301,0.0,64.0,1.091,0.14,32.0,2.034,0.0,110.0
248,1.589,0.0,31.0,4.086,0.0,232.0,0.862,0.07,28.0,2.161,0.68,131.0
249,1.848,0.21,94.0,1.497,0.04,71.0,0.915,0.05,29.0,1.493,0.03,97.0
250,2.757,0.06,143.0,1.442,0.02,86.0,1.284,0.03,50.0,2.081,0.01,132.0
251,2.313,0.0,98.0,1.113,0.02,68.0,40.32,0.14,2093.0,1.233,0.02,75.0
252,2.877,0.05,124.0,1.831,0.02,127.0,1.259,0.01,49.0,1.086,0.0,64.0
253,3.181,0.02,165.0,1.638,0.0,105.0,2.287,0.06,102.0,1.368,0.0,84.0
254,1.708,0.0,61.0,3.801,0.0,164.0,1.282,0.04,44.0,1.705,0.05,71.0
255,14.317,0.2,728.0,1.297,0.03,69.0,3.848,0.02,173.0,39.449,0.12,2452.0
256,1.325,0.04,47.0,1.481,0.01,87.0,4.067,0.08,180.0,51.11,0.0,3275.0
257,3.418,0.03,165.0,1.609,0.0,73.0,29.087,0.16,1579.0,1.386,0.01,85.0
258,2.061,0.0,88.0,3.483,0.0,260.0,19.743,0.0,1020.0,1.406,0.01,88.0
259,2.669,0.0,98.0,1.31,0.0,77.0,3.553,0.0,159.0,1.514,0.1,74.0
260,1.475,0.0,51.0,1.4,0.0,57.0,1.874,0.0,70.0,1.245,0.0,78.0
261,1.152,0.0,35.0,1.44,0.0,91.0,6.025,0.07,262.0,1.364,0.0,91.0
262,6.625,0.03,276.0,1.326,0.0,78.0,0.747,0.01,15.0,2.594,0.0,171.0
263,3.358,0.0,124.0,2.516,0.0,156.0,3.271,0.0,140.0,1.753,0.02,113.0
264,5.2,0.0,236.0,1.267,0.0,74.0,2.41,0.06,92.0,1.162,0.01,68.0
265,7.675,0.12,360.0,2.292,0.43,149.0,1.318,0.06,49.0,2.44,0.02,154.0
266,2.432,0.0,106.0,2.003,0.0,124.0,5.343,0.0,215.0,1.219,0.0,72.0
267,2.554,0.03,101.0,1.979,0.01,118.0,7.285,0.07,348.0,1.979,0.04,135.0
268,1.898,0.05,72.0,2.497,0.01,178.0,3.534,0.05,154.0,1.034,0.02,61.0
269,5.033,0.04,244.0,1.187,0.0,75.0,2.311,0.0,90.0,4.694,0.0,348.0
270,6.866,0.0,312.0,2.899,0.0,201.0,3.086,0.0,115.0,2.962,0.1,186.0
271,1.086,0.06,41.0,2.511,0.0,154.0,3.478,0.0,158.0,1.574,0.0,89.0
272,1.516,0.0,45.0,1.408,0.0,56.0,1.151,0.0,24.0,2.073,0.0,57.0
273,5.322,2.32,243.0,2.519,0.32,142.0,3.527,0.08,155.0,1.165,0.05,70.0
274,1.604,0.05,72.0,0.958,0.02,57.0,3.985,0.08,165.0,49.927,0.18,2657.0
275,6.838,0.08,310.0,2.988,0.02,190.0,0.991,0.04,35.0,57.569,0.06,3267.0
276,3.285,0.05,128.0,3.404,0.23,230.0,1.089,0.01,39.0,1.429,0.05,80.0
277,15.035,0.07,738.0,1.561,0.0,100.0,2.075,0.0,24.0,2.569,0.0,108.0
278,4.679,0.69,173.0,7.343,0.5,439.0,1.652,0.1,61.0,1.903,0.05,104.0
279,15.793,0.18,788.0,1.555,0.02,101.0,11.665,0.14,567.0,1.216,0.03,75.0
280,1.209,0.04,34.0,1.248,0.06,74.0,6.353,0.05,295.0,1.749,0.02,118.0
281,5.463,0.05,216.0,1.309,0.03,66.0,1.783,0.03,80.0,2.311,0.21,151.0
282,10.496,0.1,515.0,2.143,0.05,125.0,1.223,0.0,47.0,2.934,0.0,142.0
283,3.479,0.0,79.0,1.481,0.35,88.0,1.826,0.08,82.0,1.139,0.1,63.0
284,3.323,0.12,143.0,1.931,0.03,110.0,3.489,0.04,131.0,1.313,0.04,65.0
285,6.07,0.14,271.0,1.57,0.05,93.0,2.364,0.14,105.0,2.624,0.05,195.0
286,4.1,0.04,182.0,1.726,0.04,122.0,0.936,0.03,30.0,0.999,0.01,54.0
287,0.85,0.01,30.0,2.903,0.12,171.0,3.744,0.02,154.0,2.23,0.01,130.0
288,2.142,0.03,68.0,1.724,0.0,107.0,2.674,0.0,120.0,1.061,0.0,58.0
289,2.288,0.0,105.0,2.604,0.0,117.0,2.941,0.0,87.0,2.687,0.81,131.0
290,2.214,1.48,91.0,1.775,0.06,81.0,0.96,0.09,32.0,1.627,0.06,104.0
291,1.792,0.07,64.0,1.685,0.03,93.0,2.906,0.04,122.0,1.426,0.02,82.0
292,7.784,0.06,373.0,1.36,0.04,69.0,1.52,0.05,58.0,2.527,0.24,170.0
293,8.032,0.09,359.0,1.887,0.04,110.0,1.255,0.01,50.0,1.156,0.01,70.0
294,1.832,0.04,64.0,2.398,0.0,139.0,48.431,0.12,2308.0,1.483,0.0,99.0
295,3.7,0.0,79.0,1.375,0.0,70.0,2.762,0.0,76.0,5.671,0.12,354.0
296,0.579,0.04,7.0,1.29,0.03,53.0,0.911,0.02,27.0,1.814,0.04,124.0
297,2.102,0.05,89.0,2.855,0.04,165.0,2.382,0.05,88.0,1.552,0.05,90.0
298,1.274,0.05,44.0,1.085,0.2,72.0,2.019,0.05,88.0,0.945,0.03,63.0
299,1.054,0.0,34.0,1.416,0.0,81.0,1.698,0.0,65.0,1.411,0.04,97.0
300,1.971,0.04,81.0,2.205,0.01,130.0,3.61,0.09,147.0,1.063,0.0,67.0
301,0.887,0.0,26.0,1.98,0.0,106.0,12.781,0.0,509.0,2.613,0.15,166.0
302,2.275,1.95,85.0,1.122,0.06,60.0,2.78,0.06,96.0,1.088,0.05,60.0
303,0.852,0.04,18.0,1.218,0.03,41.0,3.289,0.03,130.0,1.762,0.32,97.0
304,6.387,0.12,283.0,1.039,0.04,64.0,0.734,0.02,27.0,0.935,0.01,65.0
305,3.692,0.08,153.0,1.491,0.0,105.0,0.904,0.03,27.0,30.436,0.12,2009.0
306,1.255,0.03,44.0,15.697,0.05,1115.0,4.093,0.02,182.0,1.552,0.0,78.0
307,2.411,0.0,45.0,1.524,0.0,97.0,4.453,0.0,173.0,3.317,0.07,205.0
308,1.308,0.05,17.0,1.609,0.01,73.0,6.401,0.19,260.0,2.788,0.01,166.0
309,3.547,0.06,150.0,1.553,0.3,75.0,1.508,0.04,58.0,1.697,0.04,110.0
310,5.763,0.11,223.0,1.356,0.02,74.0,1.039,0.03,35.0,2.435,0.02,155.0
311,3.617,0.07,158.0,1.486,0.0,95.0,2.472,0.02,102.0,2.032,0.03,122.0
312,2.401,0.0,103.0,1.554,0.0,94.0,7.566,0.0,330.0,1.223,0.0,75.0
313,13.844,0.0,633.0,1.429,0.0,78.0,1.211,0.0,36.0,1.783,0.01,106.0
314,1.84,0.0,53.0,1.389,0.0,79.0,9.65,0.0,361.0,1.413,0.51,68.0
315,1.085,0.05,23.0,2.893,0.02,146.0,2.156,0.02,73.0,1.816,0.02,76.0
316,1.079,0.05,34.0,1.716,0.03,95.0,1.918,0.07,76.0,1.196,0.02,73.0
317,3.777,0.05,157.0,1.625,0.01,67.0,4.541,0.02,190.0,1.719,0.05,81.0
318,19.88,0.2,942.0,1.705,0.0,103.0,1.086,0.07,21.0,1.16,0.0,57.0
319,8.576,0.05,385.0,2.038,0.0,98.0,5.156,0.0,175.0,1.348,0.0,69.0
320,6.787,0.0,316.0,1.347,0.41,88.0,3.242,0.11,144.0,6.549,0.04,418.0
321,0.92,0.04,24.0,1.475,0.02,84.0,0.867,0.03,22.0,2.99,0.01,193.0
322,12.871,0.0,599.0,2.131,0.0,121.0,3.057,0.0,119.0,1.304,0.02,76.0
323,1.227,0.0,25.0,6.094,0.03,436.0,2.074,0.0,84.0,2.134,0.0,129.0
324,2.421,0.0,104.0,1.06,0.0,46.0,3.508,0.0,129.0,2.68,0.0,56.0
325,4.818,1.95,191.0,1.282,0.05,67.0,1.132,0.1,24.0,1.534,0.44,79.0
326,2.513,0.09,107.0,1.386,0.03,80.0,0.969,0.05,32.0,3.732,0.03,231.0
327,5.543,0.12,243.0,1.49,0.01,85.0,0.867,0.04,26.0,2.181,0.02,143.0
328,6.775,0.05,333.0,1.228,0.03,90.0,1.004,0.01,39.0,0.864,0.0,71.0
329,1.807,0.02,65.0,1.423,0.0,68.0,2.293,0.03,90.0,3.232,0.0,204.0
330,0.945,0.01,29.0,1.408,0.0,85.0,1.212,0.0,44.0,2.948,0.0,125.0
331,1.865,0.0,22.0,1.505,1.15,69.0,3.052,0.31,116.0,27.272,0.19,1673.0
332,2.625,0.11,113.0,4.054,0.05,254.0,1.004,0.05,29.0,1.203,0.02,65.0
333,2.877,0.05,136.0,1.233,0.02,68.0,7.457,0.03,315.0,1.412,0.02,86.0
334,3.098,0.04,126.0,1.888,0.03,105.0,7.908,0.03,340.0,1.525,0.0,91.0
335,2.45,0.02,103.0,1.255,0.01,81.0,2.27,0.07,91.0,1.694,0.0,132.0
336,3.828,0.02,158.0,0.906,0.01,53.0,1.296,0.0,47.0,2.171,0.0,117.0
337,2.752,0.0,49.0,2.093,0.0,107.0,14.779,0.12,652.0,1.183,0.04,65.0
338,2.045,0.05,70.0,3.092,0.04,179.0,7.105,0.05,313.0,1.411,0.01,86.0
339,1.531,0.03,50.0,2.184,0.02,135.0,1.44,0.02,59.0,2.814,0.02,212.0
340,6.656,0.0,288.0,2.224,0.0,151.0,3.283,0.0,137.0,1.317,0.07,88.0
341,3.229,0.0,129.0,1.454,0.01,90.0,1.082,0.01,37.0,2.008,0.0,139.0
342,3.784,0.0,159.0,4.403,0.0,323.0,3.296,0.0,134.0,1.872,0.01,137.0
343,6.708,0.05,291.0,1.629,0.02,83.0,2.175,0.04,95.0,1.237,0.0,71.0
344,2.786,0.0,108.0,1.348,0.0,73.0,2.802,0.0,39.0,2.198,0.0,109.0
345,13.438,0.52,616.0,1.468,0.02,90.0,4.944,0.03,205.0,1.738,0.02,126.0
346,0.827,0.05,25.0,2.824,0.03,195.0,0.933,0.01,27.0,1.769,0.02,102.0
347,0.9,0.02,28.0,1.657,0.03,99.0,4.982,0.02,208.0,5.336,0.14,370.0
348,4.543,0.03,176.0,1.836,0.0,89.0,2.039,0.06,80.0,1.264,0.03,76.0
349,1.731,0.07,62.0,1.539,0.0,98.0,1.881,0.0,77.0,6.363,0.0,455.0
350,2.483,0.0,91.0,1.344,0.0,70.0,2.113,0.0,86.0,1.953,0.0,121.0
351,3.441,0.0,133.0,1.805,0.0,73.0,2.747,0.13,100.0,6.611,0.0,445.0
352,4.217,0.0,180.0,1.244,0.0,66.0,2.354,0.0,97.0,1.276,0.02,75.0
353,3.277,0.01,138.0,2.309,0.1,155.0,4.068,0.0,185.0,2.833,0.0,191.0
354,1.167,0.0,35.0,2.621,0.0,127.0,3.395,0.0,141.0,1.63,0.0,106.0
355,8.775,0.12,399.0,1.131,0.01,77.0,2.171,0.09,87.0,1.601,0.01,116.0
356,4.547,0.07,183.0,1.302,0.02,82.0,1.631,0.01,57.0,1.275,0.02,77.0
357,1.145,0.05,34.0,2.424,0.0,147.0,0.908,0.0,30.0,1.558,0.0,100.0
358,6.251,0.0,261.0,1.433,0.0,82.0,2.768,0.0,124.0,1.061,0.16,65.0
359,10.144,0.08,475.0,2.04,0.0,100.0,8.622,0.0,295.0,2.178,0.01,149.0
360,5.789,0.07,240.0,1.627,0.02,112.0,1.879,0.01,72.0,1.215,0.0,75.0
361,3.668,0.03,146.0,1.575,0.05,97.0,2.333,0.05,94.0,1.507,0.02,67.0
362,8.381,0.07,369.0,1.324,0.02,86.0,1.867,0.02,69.0,1.266,0.02,84.0
363,1.632,0.05,62.0,1.942,0.0,129.0,1.029,0.01,29.0,1.342,0.0,77.0
364,2.08,0.0,88.0,1.884,0.0,75.0,4.745,0.0,158.0,32.982,0.22,2168.0
365,2.29,0.37,71.0,1.793,0.04,106.0,0.853,0.04,28.0,1.578,0.03,96.0
366,2.185,0.05,88.0,1.197,0.03,67.0,5.664,0.05,246.0,1.792,0.02,108.0
367,4.868,0.05,217.0,1.414,0.01,73.0,3.905,0.04,163.0,2.025,0.02,118.0
368,1.037,0.03,25.0,1.452,0.03,91.0,3.378,0.02,139.0,1.939,0.03,114.0
369,5.807,0.0,257.0,1.6,0.01,102.0,2.017,0.0,87.0,0.953,0.0,51.0
370,1.734,0.0,55.0,2.441,0.0,70.0,4.804,0.06,197.0,1.979,0.02,103.0
371,2.224,0.08,88.0,1.945,0.02,106.0,4.38,0.08,205.0,1.281,0.04,67.0
372,4.616,0.07,218.0,1.157,0.02,65.0,1.422,0.01,53.0,1.679,0.03,109.0
373,11.16,0.06,525.0,1.262,0.02,81.0,1.377,0.0,47.0,1.92,0.0,133.0
374,0.799,0.0,21.0,1.189,0.0,76.0,1.88,0.0,75.0,0.942,0.02,52.0
375,2.197,0.0,97.0,2.348,0.08,159.0,3.729,0.0,148.0,1.404,0.0,89.0
376,8.907,0.0,394.0,9.598,0.0,562.0,3.554,0.0,137.0,2.162,0.0,124.0
377,10.028,0.0,342.0,1.579,0.13,80.0,3.387,0.12,134.0,7.669,0.08,420.0
378,4.726,0.07,199.0,1.188,0.02,71.0,3.075,0.01,104.0,1.577,0.03,111.0
379,4.066,0.05,164.0,1.211,0.02,76.0,2.664,0.02,109.0,1.687,0.1,113.0
380,1.38,0.05,49.0,1.408,0.02,63.0,5.822,0.04,250.0,2.533,0.09,171.0
381,20.874,0.0,1030.0,1.276,0.0,71.0,3.363,0.0,120.0,1.469,0.0,55.0
382,2.806,0.0,115.0,11.356,0.0,619.0,1.604,0.11,77.0,1.425,0.07,85.0
383,1.97,0.04,58.0,1.844,0.02,102.0,5.902,0.06,282.0,2.967,0.04,195.0
384,2.627,0.07,96.0,1.683,0.0,98.0,1.536,0.04,59.0,1.29,0.01,75.0
385,1.811,0.0,72.0,5.985,0.05,425.0,2.899,0.07,126.0,1.468,0.0,81.0
386,0.874,0.03,20.0,1.132,0.07,67.0,1.563,0.0,70.0,3.224,0.0,199.0
387,2.615,0.0,92.0,1.858,0.0,81.0,5.058,0.0,234.0,1.237,0.02,64.0
388,1.83,0.04,59.0,1.537,0.05,91.0,2.861,0.04,114.0,1.656,0.0,80.0
389,1.803,0.0,80.0,1.329,0.05,79.0,3.074,0.05,145.0,1.667,0.0,108.0
390,1.828,0.03,61.0,1.865,0.03,150.0,3.057,0.0,121.0,1.066,0.03,66.0
391,3.286,0.0,135.0,2.042,0.09,125.0,10.128,0.0,432.0,1.933,0.06,114.0
392,7.056,0.0,247.0,1.276,0.04,70.0,6.887,0.02,282.0,1.414,0.04,96.0
393,12.549,0.09,578.0,1.133,0.02,74.0,16.26,0.07,721.0,3.518,0.06,257.0
394,7.871,0.0,341.0,1.613,0.01,96.0,1.876,0.03,62.0,1.209,0.02,85.0
395,3.598,0.04,165.0,1.321,0.01,79.0,1.04,0.0,30.0,1.808,0.0,99.0
396,1.857,0.0,54.0,1.573,0.0,74.0,5.055,0.0,193.0,1.435,0.0,70.0
397,3.034,0.0,126.0,1.562,0.65,86.0,4.638,0.03,188.0,1.0,0.02,58.0
398,6.951,0.06,308.0,1.949,0.01,126.0,16.457,0.0,775.0,2.561,0.02,149.0
399,4.996,0.04,208.0,1.729,0.0,108.0,14.514,0.06,672.0,2.68,0.01,187.0
400,8.214,0.02,351.0,1.389,0.0,91.0,1.797,0.0,73.0,1.859,0.0,101.0
401,1.14,0.0,42.0,2.201,0.0,102.0,15.091,0.0,578.0,2.146,0.13,145.0
402,1.077,1.2,26.0,42.027,0.1,2384.0,4.812,0.11,196.0,8.788,0.43,435.0
403,1.594,0.05,62.0,1.383,0.04,85.0,3.126,0.08,116.0,1.424,0.04,98.0
404,2.691,0.06,123.0,1.301,0.04,83.0,2.125,0.04,81.0,1.65,0.01,110.0
405,1.22,0.04,47.0,1.187,0.02,68.0,1.605,0.04,66.0,1.342,0.0,65.0
406,2.755,0.04,111.0,1.339,0.0,83.0,7.859,0.0,362.0,1.852,0.0,116.0
407,3.384,0.0,112.0,3.106,0.0,160.0,1.189,0.02,27.0,1.808,0.04,101.0
408,4.584,0.04,181.0,9.548,0.4,694.0,2.857,0.07,125.0,1.09,0.04,83.0
409,0.832,0.05,24.0,1.71,0.04,134.0,2.456,0.03,112.0,1.327,0.0,94.0
410,0.818,0.02,20.0,1.286,0.01,83.0,1.031,0.02,38.0,2.41,0.02,182.0
411,3.437,0.07,147.0,1.911,0.02,107.0,1.23,0.01,49.0,1.399,0.01,84.0
412,4.471,0.02,187.0,1.84,0.01,137.0,4.243,0.02,192.0,2.729,0.02,160.0
413,7.349,0.0,311.0,1.426,0.0,84.0,1.421,0.0,43.0,1.588,0.0,77.0
414,2.944,0.0,127.0,1.878,0.0,133.0,4.31,0.04,188.0,1.431,0.01,101.0
415,1.021,0.0,40.0,1.738,0.0,122.0,1.601,0.06,61.0,42.546,0.07,2858.0
416,1.169,0.01,44.0,1.908,0.0,99.0,1.641,0.0,42.0,1.24,0.01,70.0
417,2.48,0.06,91.0,7.233,0.04,523.0,2.026,0.04,82.0,1.405,0.02,74.0
418,2.903,0.03,127.0,0.891,0.01,53.0,5.418,0.05,242.0,1.327,0.0,93.0
419,7.745,0.0,348.0,1.208,0.11,72.0,3.302,0.0,145.0,1.067,0.01,52.0
420,4.252,0.0,157.0,1.334,0.0,84.0,1.152,0.01,47.0,1.456,0.0,80.0
421,1.538,0.0,54.0,2.984,0.0,152.0,3.472,0.05,140.0,1.606,0.05,98.0
422,7.177,0.14,313.0,60.25,0.14,3416.0,1.39,0.03,47.0,1.291,0.04,74.0
423,8.3,0.12,390.0,1.218,0.02,75.0,2.06,0.01,82.0,1.683,0.04,112.0
424,2.953,0.03,120.0,2.004,0.0,124.0,2.89,0.03,110.0,1.662,0.18,82.0
425,15.901,0.07,739.0,1.362,0.01,67.0,1.66,0.05,49.0,1.225,0.0,86.0
426,0.773,0.03,17.0,35.421,0.0,1549.0,7.571,0.0,319.0,2.885,0.0,142.0
427,9.978,0.0,426.0,1.901,0.0,116.0,1.468,0.0,48.0,1.119,0.0,55.0
428,6.097,0.0,222.0,1.116,0.01,53.0,2.665,0.11,111.0,2.257,0.05,155.0
429,1.042,0.04,38.0,1.45,0.02,74.0,1.097,0.02,42.0,0.845,0.01,49.0
430,2.699,0.02,101.0,2.442,0.21,169.0,2.908,0.02,115.0,2.109,0.0,138.0
431,4.125,0.04,179.0,1.415,0.0,86.0,8.608,0.02,372.0,1.775,0.0,101.0
432,8.588,0.0,381.0,1.144,0.0,70.0,1.676,0.0,65.0,1.89,0.0,76.0
433,19.312,0.13,898.0,2.953,0.04,156.0,6.749,0.1,297.0,2.379,0.04,129.0
434,3.597,0.0,164.0,1.495,0.0,93.0,6.077,0.0,293.0,0.99,0.03,50.0
435,1.789,0.0,58.0,2.513,0.03,179.0,2.026,0.0,83.0,2.154,0.14,127.0
436,2.694,0.05,111.0,6.355,0.02,367.0,3.347,0.0,155.0,1.998,0.0,77.0
437,15.575,0.0,640.0,1.491,0.03,91.0,2.576,0.04,78.0,1.899,0.02,120.0
438,2.493,0.09,108.0,2.329,0.04,129.0,1.681,0.04,54.0,1.312,0.04,75.0
439,1.611,0.05,57.0,1.346,0.04,91.0,7.218,0.03,328.0,1.169,0.0,80.0
440,0.456,0.04,4.0,1.324,0.0,83.0,2.378,0.01,109.0,1.644,0.04,125.0
441,2.277,0.0,100.0,1.122,0.07,67.0,1.618,0.02,69.0,1.781,0.0,106.0
442,1.672,0.0,70.0,3.838,0.0,144.0,2.394,0.0,88.0,1.986,0.0,126.0
443,3.716,0.02,139.0,1.775,0.01,116.0,5.499,0.02,210.0,1.957,0.0,125.0
444,5.151,0.0,203.0,2.17,0.01,141.0,3.932,0.0,165.0,35.222,0.0,2082.0
445,4.795,0.0,213.0,1.393,0.0,68.0,3.517,0.05,139.0,1.638,0.03,92.0
446,4.449,0.0,179.0,47.631,0.09,2665.0,5.185,0.09,209.0,1.691,0.02,78.0
447,5.223,0.0,182.0,2.599,0.02,137.0,2.294,0.02,91.0,2.409,0.04,149.0
448,3.212,0.05,126.0,1.369,0.02,90.0,2.595,0.09,106.0,1.541,0.0,96.0
449,3.93,0.02,159.0,1.499,0.03,88.0,1.705,0.03,66.0,1.025,0.03,62.0
450,1.655,0.0,68.0,1.452,0.0,99.0,2.253,0.01,87.0,1.803,0.0,121.0
451,4.359,0.07,170.0,0.852,0.01,52.0,2.36,0.0,61.0,3.336,0.0,112.0
452,3.576,0.19,136.0,2.687,0.41,151.0,5.109,0.06,233.0,4.565,0.12,369.0
453,1.411,0.1,44.0,2.651,0.01,175.0,1.543,0.04,54.0,3.281,0.04,230.0
454,7.068,0.11,315.0,1.634,0.04,108.0,3.528,0.0,143.0,1.509,0.06,74.0
455,4.497,0.02,192.0,5.48,0.02,400.0,4.063,0.06,170.0,1.004,0.0,59.0
456,2.373,0.03,97.0,0.885,0.0,49.0,0.964,0.0,30.0,1.735,0.0,112.0
457,1.711,0.0,55.0,3.056,0.0,136.0,4.469,0.05,203.0,2.294,0.34,155.0
458,2.405,0.04,100.0,1.928,0.07,121.0,4.758,0.12,198.0,1.626,0.02,110.0
459,2.619,0.08,111.0,9.446,0.09,674.0,1.316,0.08,50.0,1.972,0.01,94.0
460,1.486,0.02,58.0,1.46,0.03,79.0,2.461,0.0,92.0,1.257,0.0,84.0
461,0.818,0.04,24.0,1.324,0.04,69.0,2.359,0.0,78.0,36.221,0.0,2284.0
462,2.382,0.0,88.0,2.653,0.0,162.0,2.224,0.0,52.0,3.978,0.0,214.0
463,1.23,0.04,29.0,1.459,0.69,43.0,7.404,0.0,328.0,2.278,0.03,172.0
464,4.331,0.07,185.0,1.244,0.02,79.0,13.209,0.14,608.0,2.409,0.02,165.0
465,3.696,0.01,149.0,1.643,0.01,82.0,0.939,0.0,31.0,1.633,0.01,100.0
466,1.348,0.03,32.0,13.802,0.06,535.0,6.428,0.04,250.0,16.805,0.0,853.0
467,1.656,0.0,67.0,3.298,0.0,108.0,4.596,0.0,171.0,1.797,0.04,72.0
468,2.466,1.45,93.0,1.724,0.03,66.0,1.133,0.02,36.0,2.773,0.41,163.0
469,0.758,0.04,18.0,1.837,0.04,119.0,3.305,0.07,142.0,1.474,0.0,98.0
470,3.431,0.03,148.0,1.143,0.03,73.0,2.397,0.01,91.0,1.286,0.05,85.0
471,0.87,0.05,25.0,1.703,0.01,92.0,15.105,0.06,684.0,2.063,0.03,131.0
472,4.787,0.0,186.0,1.321,0.0,87.0,4.263,0.0,182.0,1.227,0.0,75.0
473,4.588,0.0,159.0,40.165,0.03,2106.0,3.897,0.03,143.0,1.816,0.02,109.0
474,1.703,0.01,57.0,1.847,0.35,122.0,5.686,0.05,248.0,1.233,0.03,85.0
475,2.156,0.0,78.0,1.92,0.01,121.0,5.502,0.0,247.0,2.019,0.0,129.0
476,1.948,0.05,70.0,1.28,0.03,68.0,4.154,0.01,175.0,2.533,0.01,158.0
477,19.152,0.0,951.0,1.382,0.03,75.0,9.179,0.04,378.0,1.782,0.0,108.0
478,0.935,0.0,20.0,1.129,0.0,61.0,6.029,0.06,267.0,5.858,0.07,436.0
479,6.508,0.0,275.0,1.343,0.0,75.0,4.735,0.0,191.0,1.282,0.11,71.0
480,7.288,0.0,326.0,1.149,0.01,64.0,15.358,0.02,694.0,1.203,0.0,74.0
481,6.216,0.0,202.0,1.989,0.11,89.0,6.311,0.12,280.0,1.373,0.02,86.0
482,1.249,0.0,44.0,1.021,0.03,55.0,8.546,0.05,390.0,1.142,0.03,63.0
483,6.485,0.0,284.0,1.403,0.02,65.0,5.684,0.07,225.0,1.145,0.03,60.0
484,11.217,0.0,506.0,1.752,0.08,94.0,0.996,0.0,20.0,1.591,0.01,109.0
485,2.284,0.0,84.0,2.104,0.0,100.0,3.688,0.0,116.0,1.972,0.09,83.0
486,1.827,0.0,36.0,2.397,0.05,157.0,1.288,0.02,42.0,2.024,0.01,112.0
487,1.511,0.07,46.0,2.514,0.03,136.0,8.343,0.07,338.0,1.33,0.02,80.0
488,2.657,0.04,112.0,5.469,0.09,403.0,2.042,0.01,91.0,1.51,0.03,95.0
489,1.703,0.06,56.0,1.213,0.0,70.0,2.141,0.04,88.0,1.105,0.02,66.0
490,1.715,0.02,64.0,1.879,0.01,84.0,1.296,0.01,46.0,1.205,0.01,74.0
491,2.186,0.0,81.0,1.462,0.0,97.0,7.608,0.0,336.0,1.704,0.0,97.0
492,1.801,0.0,63.0,1.313,0.0,76.0,2.503,0.0,41.0,2.188,0.0,68.0
493,6.851,2.59,255.0,2.29,0.08,148.0,1.397,0.06,44.0,1.053,0.04,61.0
494,0.381,0.02,1.0,2.027,0.03,133.0,2.635,0.04,105.0,2.241,0.0,165.0
495,3.529,0.07,146.0,1.966,0.02,121.0,9.513,0.05,442.0,1.277,0.02,88.0
496,3.014,0.04,113.0,1.759,0.18,109.0,2.615,0.0,116.0,2.758,0.02,185.0
497,1.438,0.02,56.0,1.698,0.01,99.0,5.64,0.0,260.0,1.89,0.0,129.0
498,2.531,0.0,98.0,1.37,0.0,66.0,4.627,0.0,149.0,1.609,0.08,83.0
499,1.409,1.88,44.0,1.495,0.04,61.0,1.429,0.02,33.0,1.553,0.04,71.0
500,2.502,0.11,106.0,1.633,0.02,103.0,2.421,0.12,108.0,1.966,0.02,125.0
501,1.128,0.11,46.0,0.912,0.02,52.0,1.452,0.07,58.0,1.482,0.18,97.0
502,3.319,0.0,141.0,1.366,0.01,79.0,1.708,0.05,72.0,1.429,0.03,86.0
503,4.255,0.06,182.0,1.441,0.03,72.0,5.599,0.05,233.0,1.775,0.0,99.0
504,7.263,0.03,327.0,2.255,0.0,110.0,26.607,0.0,1080.0,1.671,0.12,84.0
505,7.343,1.88,323.0,1.511,0.05,66.0,4.176,0.05,182.0,0.895,0.05,52.0
506,0.972,0.02,27.0,1.458,0.03,86.0,0.498,0.02,4.0,1.667,0.02,100.0
507,2.596,0.07,102.0,2.03,0.25,136.0,1.566,0.03,66.0,1.875,0.02,123.0
508,5.405,0.1,249.0,1.288,0.02,76.0,4.549,0.05,190.0,1.648,0.01,106.0
509,4.203,0.04,199.0,2.665,0.02,208.0,2.807,0.0,110.0,1.61,0.0,96.0
510,1.69,0.0,29.0,2.833,0.0,123.0,2.301,0.0,42.0,3.493,0.0,129.0
511,1.184,2.33,28.0,2.072,0.05,112.0,0.65,0.05,18.0,1.781,0.04,119.0
512,5.396,0.39,256.0,1.638,0.02,111.0,8.422,0.14,367.0,1.682,0.37,113.0
513,8.729,0.05,355.0,1.404,0.01,90.0,1.277,0.04,44.0,1.07,0.06,67.0
514,10.63,0.08,495.0,1.205,0.05,71.0,1.94,0.04,76.0,1.242,0.02,78.0
515,3.09,0.02,131.0,1.33,0.02,83.0,2.028,0.03,85.0,1.249,0.0,79.0
516,2.66,0.0,106.0,1.745,0.03,113.0,1.412,0.0,48.0,3.468,0.0,149.0
517,1.496,0.0,11.0,3.292,0.0,91.0,6.545,2.55,271.0,1.424,0.05,81.0
518,1.774,1.89,71.0,1.825,0.57,118.0,3.857,0.05,176.0,2.294,0.0,161.0
519,5.268,0.05,236.0,4.772,0.04,320.0,1.972,0.01,85.0,2.228,0.03,135.0
520,2.454,0.01,91.0,1.496,0.01,91.0,5.968,0.03,283.0,3.736,0.02,247.0
521,0.978,0.02,24.0,1.525,0.01,75.0,0.846,0.0,25.0,1.451,0.04,94.0
522,2.636,0.03,103.0,2.42,0.02,163.0,1.122,0.0,42.0,1.473,0.0,109.0
523,1.783,0.0,53.0,2.995,0.0,84.0,1.027,0.28,34.0,1.988,0.44,118.0
524,4.766,0.02,186.0,1.505,0.08,69.0,3.525,0.07,146.0,2.405,0.02,165.0
525,7.027,0.09,284.0,1.233,0.03,70.0,0.886,0.06,30.0,1.501,0.02,97.0
526,2.019,0.02,113.0,0.747,0.03,69.0,3.237,0.0,180.0,0.542,0.0,56.0
527,6.06,0.1,271.0,1.051,0.02,77.0,4.152,0.02,182.0,1.212,0.0,75.0
528,3.502,0.04,158.0,0.885,0.01,47.0,1.661,0.03,74.0,2.085,0.04,150.0
529,2.693,0.0,103.0,1.405,0.15,93.0,2.947,0.01,112.0,1.42,0.0,97.0
530,1.813,0.0,37.0,2.467,0.0,73.0,1.625,0.07,54.0,3.207,0.06,174.0
531,3.009,0.03,117.0,3.348,0.03,252.0,1.878,0.01,76.0,1.391,0.01,88.0
532,3.521,0.02,129.0,1.579,0.0,82.0,1.291,0.02,37.0,1.811,0.0,113.0
533,2.455,0.03,104.0,1.399,0.0,90.0,0.866,0.0,23.0,1.312,0.01,90.0
534,4.858,0.02,210.0,1.231,0.01,78.0,2.141,0.09,82.0,2.448,0.02,179.0
535,3.028,0.02,124.0,1.249,0.0,83.0,11.359,0.0,501.0,2.635,0.0,177.0
536,1.009,0.05,28.0,2.121,0.0,144.0,3.83,0.0,138.0,2.229,0.0,46.0
537,1.118,0.07,27.0,2.244,0.02,132.0,1.605,0.05,48.0,1.348,0.03,78.0
538,6.833,0.08,275.0,1.348,0.02,88.0,4.108,0.08,183.0,1.18,0.03,76.0
539,1.927,0.03,78.0,1.361,0.02,73.0,3.066,0.02,128.0,43.273,0.06,2056.0
540,2.757,0.04,108.0,1.24,0.09,63.0,1.899,0.07,90.0,2.338,0.09,161.0
541,3.912,0.14,171.0,1.479,0.0,101.0,1.518,0.0,55.0,4.677,0.0,256.0
542,2.419,0.0,99.0,2.716,0.0,120.0,5.553,0.0,188.0,1.911,0.1,128.0
543,3.843,0.14,150.0,1.718,0.04,114.0,1.704,0.02,62.0,1.682,0.01,110.0
544,4.061,0.02,168.0,1.183,0.06,71.0,2.485,0.1,100.0,1.375,0.02,78.0
545,2.117,0.04,81.0,1.536,0.0,96.0,2.685,0.08,124.0,1.177,0.14,71.0
546,2.29,0.06,89.0,1.411,0.01,81.0,7.328,0.02,323.0,1.537,0.03,85.0
547,2.594,0.0,102.0,1.705,0.0,106.0,3.466,0.0,133.0,1.715,0.0,95.0
548,6.539,0.0,229.0,1.693,0.11,98.0,19.325,0.07,922.0,1.182,0.04,68.0
549,3.77,0.05,160.0,3.067,0.08,204.0,1.663,0.03,58.0,2.119,0.03,126.0
550,1.493,0.04,55.0,1.123,0.02,66.0,9.892,0.0,440.0,5.019,0.01,374.0
551,1.338,0.0,46.0,1.514,0.14,95.0,12.774,0.08,588.0,1.433,0.03,84.0
552,1.376,0.0,39.0,2.056,0.0,133.0,6.896,0.0,315.0,1.313,0.0,79.0
553,8.044,0.06,394.0,1.326,0.0,76.0,5.681,0.0,240.0,1.853,0.0,109.0
554,7.561,0.01,331.0,0.757,0.0,46.0,3.912,0.0,141.0,2.738,0.0,146.0
555,2.551,0.12,84.0,1.698,0.04,108.0,1.755,0.06,69.0,2.332,0.01,153.0
556,3.19,0.03,147.0,1.684,0.0,74.0,3.562,0.0,139.0,8.226,0.27,457.0
557,1.815,0.02,79.0,1.947,0.0,129.0,4.656,0.02,212.0,1.291,0.0,88.0
558,1.74,0.0,56.0,1.436,0.0,83.0,3.602,0.0,161.0,1.341,0.0,88.0
559,3.424,0.0,132.0,1.454,0.0,85.0,2.355,0.0,86.0,1.746,0.0,78.0
560,1.458,0.0,47.0,39.457,0.09,2233.0,8.17,0.09,353.0,1.312,0.01,62.0
561,3.355,0.0,51.0,2.102,0.0,75.0,2.402,0.16,100.0,2.994,0.57,179.0
562,4.686,0.96,216.0,1.132,0.46,70.0,2.738,0.08,114.0,1.254,0.01,68.0
563,1.205,0.07,44.0,1.688,0.02,96.0,2.229,0.01,90.0,1.721,0.01,100.0
564,11.904,0.13,537.0,1.537,0.02,91.0,5.042,0.02,222.0,1.424,0.03,92.0
565,4.782,0.01,218.0,1.722,0.01,103.0,3.233,0.03,130.0,2.404,0.05,140.0
566,3.983,0.0,167.0,1.484,0.0,93.0,1.479,0.0,18.0,2.672,0.0,86.0
567,4.843,1.3,205.0,7.095,0.05,463.0,6.154,0.05,265.0,40.024,0.5,2308.0
568,1.789,0.03,69.0,1.906,0.03,108.0,5.873,0.07,268.0,1.528,0.01,111.0
569,2.388,0.03,107.0,1.979,0.01,124.0,2.967,0.04,128.0,1.983,0.0,128.0
570,1.649,0.05,61.0,1.526,0.0,95.0,4.987,0.01,217.0,1.257,0.02,78.0
571,5.387,0.05,251.0,2.353,0.0,156.0,1.956,0.0,64.0,1.251,0.0,68.0
572,2.188,0.0,21.0,2.576,0.0,77.0,7.918,2.52,319.0,1.978,0.11,82.0
573,4.096,1.93,144.0,1.475,0.43,73.0,1.631,0.03,57.0,2.114,0.03,141.0
574,3.046,0.07,134.0,1.215,0.01,64.0,1.642,0.05,67.0,1.338,0.01,82.0
575,2.242,0.02,88.0,1.586,0.0,90.0,0.898,0.02,31.0,2.204,0.02,134.0
576,7.947,0.07,352.0,2.524,0.02,165.0,2.165,0.0,80.0,2.058,0.01,136.0
577,5.267,0.03,233.0,1.17,0.0,68.0,0.951,0.02,23.0,1.631,0.0,104.0
578,8.503,0.0,361.0,1.288,0.0,74.0,3.398,0.0,139.0,2.582,0.0,160.0
579,8.841,0.0,385.0,1.513,0.0,90.0,3.45,0.0,137.0,1.953,0.01,127.0
580,5.915,0.0,251.0,1.103,0.03,70.0,2.252,0.0,84.0,2.805,0.0,164.0
581,25.139,0.0,1207.0,2.948,0.0,172.0,4.329,0.0,94.0,1.734,0.02,109.0
582,20.281,0.0,984.0,3.684,0.09,230.0,2.611,0.12,103.0,1.913,0.04,127.0
583,7.972,0.12,333.0,1.841,0.04,112.0,1.109,0.02,36.0,1.69,0.05,101.0
584,1.602,0.12,73.0,2.51,0.28,173.0,1.059,0.02,35.0,1.907,0.01,128.0
585,1.193,0.0,42.0,1.199,0.01,72.0,1.439,0.02,45.0,1.743,0.01,91.0
586,2.626,0.0,91.0,1.776,0.0,75.0,2.008,0.0,54.0,1.708,0.0,49.0
587,3.504,0.0,168.0,1.459,0.02,83.0,1.335,0.04,54.0,1.449,0.05,90.0
588,1.995,0.1,78.0,1.548,0.04,84.0,4.368,0.04,182.0,1.663,0.04,89.0
589,1.956,0.04,73.0,1.317,0.02,75.0,15.111,0.05,700.0,1.881,0.14,127.0
590,2.015,0.04,66.0,1.311,0.02,88.0,3.621,0.0,159.0,1.454,0.0,78.0
591,1.029,0.0,29.0,2.427,0.0,164.0,1.383,0.01,56.0,2.113,0.03,133.0
592,21.434,0.0,1056.0,1.496,0.0,91.0,1.958,0.0,64.0,1.082,0.0,35.0
593,0.693,0.0,12.0,1.498,0.0,77.0,2.138,0.0,76.0,1.779,0.02,106.0
594,0.91,0.0,29.0,1.494,0.0,84.0,1.785,0.0,73.0,1.432,0.05,91.0
595,0.823,0.0,25.0,1.842,0.21,96.0,2.718,0.0,131.0,1.126,0.0,68.0
596,1.016,0.02,20.0,2.678,0.0,116.0,3.284,0.0,127.0,3.521,0.07,248.0
597,6.128,0.06,257.0,2.27,0.04,134.0,9.695,0.04,415.0,2.701,0.01,165.0
598,25.252,0.07,1244.0,1.729,0.02,92.0,2.212,0.01,77.0,1.639,0.0,94.0
599,3.165,0.0,136.0,1.171,0.02,67.0,1.634,0.04,60.0,1.019,0.02,65.0
600,6.144,0.0,263.0,0.946,0.0,60.0,3.732,0.0,147.0,1.426,0.0,98.0
601,7.397,0.0,328.0,0.89,0.02,58.0,2.294,0.05,93.0,0.895,0.03,64.0
602,1.047,0.02,28.0,1.404,0.02,87.0,1.753,0.0,71.0,2.11,0.0,131.0
603,8.322,0.0,337.0,1.527,0.01,88.0,1.667,0.0,62.0,1.814,0.03,120.0
604,0.872,0.04,23.0,1.163,0.07,69.0,4.576,0.05,201.0,1.883,0.02,128.0
605,1.784,0.0,63.0,1.094,0.0,60.0,8.286,0.0,291.0,1.665,0.98,90.0
606,1.296,1.89,35.0,1.849,0.44,92.0,4.336,0.08,179.0,1.288,0.02,79.0
607,1.056,0.04,32.0,1.132,0.05,69.0,1.473,0.08,54.0,1.543,0.02,104.0
608,6.826,0.14,288.0,1.576,0.02,87.0,5.585,0.01,225.0,2.584,0.03,167.0
609,1.07,0.02,36.0,2.468,0.04,182.0,8.118,0.08,346.0,1.304,0.0,79.0
610,3.869,0.03,157.0,6.394,0.03,460.0,2.069,0.0,77.0,2.633,0.0,169.0
611,8.135,0.0,330.0,2.426,0.0,141.0,7.168,0.0,289.0,2.236,0.12,126.0
612,5.879,0.0,257.0,1.863,0.02,126.0,4.494,0.0,202.0,1.736,0.01,123.0
613,1.37,0.01,55.0,1.072,0.02,60.0,2.723,0.02,117.0,2.04,0.05,144.0
614,7.269,0.0,307.0,1.096,0.03,64.0,9.105,0.0,409.0,1.264,0.0,70.0
615,4.65,0.05,212.0,1.686,0.0,112.0,1.834,0.0,82.0,2.11,0.0,120.0
616,3.201,0.0,76.0,2.518,0.0,102.0,0.865,0.06,20.0,1.515,0.03,86.0
617,5.156,0.12,208.0,9.983,0.43,686.0,1.123,0.02,25.0,1.944,0.02,123.0
618,1.911,0.04,72.0,1.543,0.01,105.0,3.47,0.08,132.0,1.378,0.02,89.0
619,3.738,0.03,147.0,1.079,0.03,49.0,4.779,0.06,223.0,2.148,0.0,123.0
620,3.746,0.07,135.0,1.162,0.07,57.0,6.104,0.0,253.0,98.642,0.04,4481.0
621,9.061,0.05,394.0,7.063,0.0,397.0,4.759,0.0,146.0,2.422,2.77,115.0
622,2.145,1.96,56.0,2.073,0.07,97.0,3.858,0.13,145.0,1.874,0.39,96.0
623,1.087,0.04,32.0,1.322,0.03,69.0,6.381,0.11,287.0,1.534,0.05,106.0
624,5.325,0.02,206.0,2.27,0.02,167.0,1.728,0.01,72.0,1.788,0.02,123.0
625,2.566,0.03,102.0,1.382,0.01,69.0,4.7,0.04,202.0,1.31,0.03,83.0
626,4.059,0.05,168.0,1.816,0.01,101.0,4.113,0.04,172.0,2.356,0.0,162.0
627,7.34,0.0,308.0,1.234,0.0,65.0,6.694,0.0,300.0,1.771,0.02,112.0
628,2.687,0.0,103.0,2.317,0.21,164.0,1.252,0.0,29.0,1.442,0.01,92.0
629,7.127,0.0,320.0,2.768,0.0,174.0,4.744,0.0,195.0,10.733,0.01,816.0
630,6.997,0.01,288.0,2.651,0.01,166.0,8.588,0.0,368.0,1.473,0.0,107.0
631,1.208,0.0,30.0,1.374,0.0,85.0,1.199,0.0,34.0,3.434,0.0,213.0
632,2.223,0.0,66.0,1.273,0.02,76.0,1.93,0.14,69.0,1.905,0.01,92.0
633,4.826,0.05,204.0,1.279,0.01,66.0,4.284,0.03,157.0,1.455,0.18,88.0
634,1.432,0.04,61.0,1.442,0.0,90.0,2.217,0.01,88.0,1.623,0.0,95.0
635,0.882,0.0,16.0,2.796,0.0,180.0,8.448,0.04,400.0,1.602,0.0,86.0
636,1.808,0.0,44.0,2.934,0.0,79.0,4.282,0.02,187.0,1.525,0.03,63.0
637,1.319,0.05,45.0,1.296,0.02,76.0,2.146,0.01,72.0,2.708,0.02,159.0
638,3.387,0.02,121.0,1.13,0.01,61.0,7.119,0.05,304.0,1.256,0.0,72.0
639,4.841,0.04,192.0,1.3,0.12,66.0,0.997,0.0,26.0,3.36,0.05,202.0
640,1.792,0.03,60.0,1.317,0.02,71.0,3.209,0.03,125.0,1.757,0.0,91.0
641,1.562,0.0,53.0,2.184,0.0,124.0,5.285,0.0,231.0,1.017,0.0,56.0
642,8.971,0.0,412.0,1.906,0.0,112.0,5.068,0.0,202.0,1.134,0.01,64.0
643,2.692,0.0,117.0,2.179,0.0,143.0,0.862,0.0,21.0,1.116,0.0,76.0
644,5.133,0.0,210.0,1.344,0.0,87.0,7.478,0.0,335.0,1.455,0.17,93.0
645,2.942,0.02,108.0,1.278,0.0,2.0,2.857,0.0,27.0,2.901,0.0,52.0
646,1.16,0.0,15.0,2.183,0.0,82.0,3.936,0.05,162.0,4.17,0.89,288.0
647,1.564,1.45,41.0,1.705,0.06,101.0,0.843,0.04,23.0,2.86,0.05,180.0
648,5.251,0.12,229.0,1.261,0.05,74.0,2.41,0.06,91.0,1.504,0.01,104.0
649,7.995,0.1,338.0,1.865,0.04,118.0,3.484,0.05,129.0,1.317,0.02,66.0
650,2.171,0.06,67.0,1.344,0.15,71.0,0.83,0.05,20.0,1.616,0.02,70.0
651,0.912,0.03,31.0,1.405,0.0,97.0,2.985,0.01,135.0,0.953,0.0,58.0
652,3.732,0.0,150.0,1.358,0.0,88.0,1.096,0.0,25.0,6.244,0.0,431.0
653,2.462,0.0,91.0,2.073,0.04,127.0,7.413,0.12,332.0,1.4,0.0,92.0
654,5.088,0.0,216.0,1.037,0.03,52.0,0.874,0.0,25.0,1.979,0.0,126.0
655,3.056,0.07,134.0,2.024,0.0,126.0,26.741,0.1,1234.0,1.922,0.11,126.0
656,3.084,0.0,100.0,3.278,0.0,189.0,4.514,0.0,136.0,1.829,0.07,122.0
657,4.595,1.89,190.0,1.685,0.03,89.0,1.525,0.08,53.0,1.865,0.04,110.0
658,2.285,0.04,93.0,1.174,0.02,63.0,2.836,0.03,109.0,47.611,0.15,1863.0
659,1.942,0.03,70.0,37.247,0.04,2004.0,1.87,0.05,80.0,1.653,0.0,105.0
660,0.967,0.02,30.0,1.007,0.0,46.0,3.138,0.03,117.0,1.623,0.0,80.0
661,3.883,0.0,137.0,3.749,0.37,263.0,2.835,0.0,123.0,2.687,0.0,160.0
662,1.429,0.01,56.0,1.791,0.05,112.0,4.915,0.02,214.0,1.492,0.04,90.0
663,2.486,0.05,97.0,1.763,0.0,98.0,6.932,0.0,261.0,1.723,0.0,98.0
664,3.734,0.0,133.0,91.216,0.0,5012.0,1.112,0.03,36.0,1.265,0.0,68.0
665,1.142,0.05,39.0,57.901,0.15,3151.0,8.335,0.12,370.0,1.555,0.0,89.0
666,2.827,0.09,125.0,1.576,0.08,101.0,6.47,0.0,286.0,2.86,0.25,198.0
667,1.377,0.0,42.0,1.394,0.02,82.0,1.019,0.0,27.0,1.921,0.0,130.0
668,5.035,0.04,210.0,1.113,0.0,61.0,1.61,0.0,53.0,1.314,0.0,80.0
669,0.949,0.0,26.0,1.262,0.04,72.0,6.322,0.0,269.0,1.202,0.0,64.0
670,3.609,0.0,146.0,1.43,0.01,84.0,4.623,0.02,192.0,6.375,0.0,475.0
671,6.98,0.09,307.0,1.321,0.0,62.0,2.166,0.0,66.0,2.415,0.0,77.0
672,6.025,0.07,267.0,1.296,0.24,57.0,2.499,0.02,90.0,1.616,0.02,86.0
673,2.089,0.03,70.0,1.701,0.0,77.0,3.575,0.0,141.0,1.661,0.02,114.0
674,8.664,0.0,377.0,1.669,0.07,92.0,1.051,0.0,39.0,1.511,0.02,92.0
675,6.068,0.07,241.0,1.136,0.0,62.0,4.017,0.01,166.0,1.047,0.0,62.0
676,1.846,0.0,57.0,1.879,0.02,94.0,3.533,0.11,131.0,3.7,0.0,249.0
677,0.88,0.01,22.0,1.601,0.0,104.0,0.841,0.0,22.0,3.362,0.0,203.0
678,7.72,0.18,306.0,1.446,0.02,78.0,4.279,0.02,180.0,2.786,0.05,172.0
679,4.343,0.11,166.0,3.156,0.02,240.0,3.383,0.07,140.0,6.384,0.09,446.0
680,5.042,0.08,215.0,1.384,0.02,78.0,4.875,0.0,219.0,2.35,0.01,114.0
681,4.1,0.0,188.0,1.105,0.0,71.0,1.497,0.0,56.0,1.236,0.0,73.0
682,1.109,0.0,32.0,2.102,0.0,116.0,9.575,0.0,374.0,2.465,0.06,179.0
683,1.198,0.02,40.0,1.38,0.35,72.0,1.429,0.01,68.0,1.44,0.0,85.0
684,3.105,0.01,156.0,1.027,0.0,61.0,3.072,0.02,134.0,1.178,0.01,79.0
685,5.335,0.0,219.0,1.832,0.0,109.0,1.766,0.0,57.0,1.659,0.0,107.0
686,1.673,0.0,54.0,1.773,0.0,79.0,1.96,0.0,65.0,1.35,0.0,74.0
687,4.756,0.0,200.0,2.401,0.0,148.0,7.03,0.0,322.0,2.046,0.0,123.0
688,1.421,0.01,45.0,1.645,0.0,97.0,6.01,0.07,247.0,2.724,0.26,174.0
689,5.641,0.0,213.0,2.532,0.0,101.0,6.793,0.02,272.0,1.748,0.0,115.0
690,7.263,0.0,291.0,1.117,0.01,60.0,9.514,0.0,319.0,1.496,0.1,81.0
691,4.174,0.05,169.0,1.618,0.09,106.0,1.148,0.0,38.0,1.523,0.0,104.0
692,3.084,0.05,118.0,1.666,0.01,114.0,1.033,0.04,26.0,2.881,0.02,179.0
693,1.599,0.02,51.0,1.688,0.02,104.0,9.198,0.04,419.0,2.085,0.01,129.0
694,3.499,0.02,143.0,1.197,0.06,74.0,12.747,0.09,557.0,1.511,0.01,101.0
695,4.271,0.0,175.0,5.627,0.0,376.0,6.156,0.04,250.0,2.582,0.0,181.0
696,2.609,0.0,108.0,1.529,0.0,95.0,1.074,0.0,46.0,2.218,0.0,151.0
697,1.094,0.0,34.0,2.468,0.0,66.0,3.074,0.1,137.0,1.604,0.07,83.0
698,0.9,0.02,29.0,2.496,0.02,156.0,2.314,0.03,86.0,1.649,0.01,113.0
699,1.634,0.03,54.0,1.419,0.04,85.0,6.796,0.07,297.0,1.302,0.15,68.0
700,1.039,0.01,34.0,1.26,0.01,83.0,1.626,0.0,72.0,1.102,0.0,69.0
701,2.551,0.02,98.0,1.059,0.01,49.0,1.724,0.0,66.0,0.841,0.0,45.0
702,2.228,0.0,85.0,1.486,0.0,81.0,6.101,0.01,231.0,1.507,0.0,74.0
703,8.923,0.01,390.0,75.18,0.07,3962.0,3.38,0.02,122.0,2.322,0.0,106.0
704,3.342,0.0,41.0,92.484,0.07,5153.0,1.136,0.06,44.0,2.131,0.0,143.0
705,2.262,0.07,77.0,1.536,0.19,97.0,1.036,0.01,30.0,1.178,0.01,74.0
706,6.099,0.05,264.0,1.225,0.0,71.0,1.678,0.05,65.0,1.288,0.01,80.0
707,2.076,0.01,74.0,1.416,0.0,82.0,7.594,0.11,293.0,1.27,0.02,85.0
708,6.986,0.0,269.0,2.127,0.02,140.0,4.009,0.0,166.0,1.289,0.0,72.0
709,4.272,0.0,164.0,1.733,0.0,93.0,2.549,0.0,84.0,1.936,0.12,109.0
710,0.993,0.43,38.0,2.302,0.04,137.0,1.699,0.09,60.0,1.54,0.38,86.0
711,1.466,0.1,53.0,2.033,0.01,96.0,6.086,0.03,257.0,1.78,0.01,113.0
712,2.741,0.04,116.0,1.491,0.03,93.0,0.668,0.0,20.0,2.127,0.04,145.0
713,6.678,0.05,294.0,2.445,0.02,150.0,4.185,0.01,167.0,3.432,0.01,227.0
714,1.137,0.0,37.0,1.832,0.0,111.0,6.723,0.0,251.0,2.307,0.0,133.0
715,2.388,0.0,98.0,3.25,0.01,195.0,4.493,0.03,181.0,40.427,0.12,2547.0
716,1.101,0.0,37.0,2.172,0.08,131.0,0.892,0.01,22.0,5.79,0.0,96.0
717,2.603,0.09,95.0,2.164,0.03,98.0,1.71,0.04,58.0,1.146,0.01,68.0
718,4.621,0.04,194.0,1.246,0.02,75.0,7.511,0.03,314.0,1.39,0.02,54.0
719,5.924,0.02,230.0,2.037,0.03,129.0,1.574,0.0,69.0,1.58,0.0,92.0
720,2.417,0.0,86.0,0.974,0.0,49.0,1.73,0.0,66.0,1.605,0.0,105.0
721,7.262,0.07,326.0,2.088,0.0,159.0,1.244,0.0,34.0,1.129,0.0,70.0
722,5.111,0.0,199.0,1.334,0.0,73.0,5.293,0.0,188.0,2.505,0.02,148.0
723,2.793,0.04,107.0,1.177,0.02,69.0,6.087,0.11,240.0,3.774,0.02,259.0
724,4.026,0.02,170.0,1.592,0.01,103.0,2.739,0.0,107.0,1.214,0.01,73.0
725,1.457,0.01,47.0,1.328,0.02,92.0,1.28,0.0,43.0,0.956,0.0,58.0
726,22.781,0.04,1070.0,2.458,0.0,169.0,1.126,0.0,26.0,2.469,0.0,97.0
727,6.477,0.0,199.0,1.377,0.67,81.0,5.003,0.05,202.0,1.243,0.02,55.0
728,1.862,0.05,54.0,2.119,0.04,121.0,3.083,0.04,108.0,1.315,0.02,69.0
729,1.241,0.07,45.0,1.051,0.02,57.0,0.599,0.01,15.0,1.369,0.01,81.0
730,1.514,0.01,46.0,1.634,0.03,99.0,0.945,0.04,27.0,2.591,0.03,150.0
731,5.976,0.08,247.0,1.785,0.0,107.0,1.197,0.0,35.0,1.235,0.0,67.0
732,2.871,0.02,115.0,1.872,0.0,106.0,4.342,0.0,143.0,68.953,0.0,4183.0
733,1.659,1.46,62.0,1.644,0.07,90.0,4.857,0.06,201.0,1.358,0.04,78.0
734,4.414,0.09,202.0,1.234,0.03,66.0,7.043,0.04,316.0,2.382,0.02,148.0
735,1.829,0.04,66.0,1.376,0.0,82.0,0.74,0.01,13.0,3.083,0.02,204.0
736,1.131,0.03,41.0,5.046,0.04,304.0,2.132,0.04,75.0,2.424,0.06,163.0
737,4.669,0.03,201.0,1.88,0.0,115.0,2.303,0.0,30.0,2.498,0.0,97.0
738,7.531,0.52,309.0,2.048,0.39,107.0,2.999,0.01,130.0,1.307,0.02,84.0
739,2.706,0.02,104.0,2.764,0.04,174.0,5.654,0.02,200.0,1.281,0.02,67.0
740,0.875,0.01,25.0,1.482,0.05,89.0,1.186,0.06,53.0,1.597,0.02,114.0
741,0.752,0.02,20.0,1.467,0.01,102.0,5.525,0.06,235.0,1.441,0.0,81.0
742,2.923,0.01,113.0,4.233,0.09,287.0,1.076,0.08,43.0,1.935,0.0,130.0
743,1.715,0.04,70.0,2.136,0.0,131.0,5.564,0.0,186.0,1.866,0.51,90.0
744,0.838,0.02,19.0,2.786,0.02,187.0,0.876,0.02,24.0,1.834,0.01,113.0
745,7.588,0.06,293.0,87.298,0.09,4724.0,7.19,0.08,316.0,1.893,0.01,118.0
746,1.308,0.04,36.0,1.441,0.02,89.0,1.037,0.0,36.0,1.124,0.01,78.0
747,4.895,0.01,194.0,1.71,0.05,96.0,6.534,0.02,290.0,1.47,0.02,90.0
748,0.987,0.0,23.0,1.917,0.0,125.0,1.364,0.0,53.0,3.081,0.0,134.0
749,3.136,0.03,100.0,1.325,0.29,80.0,2.241,0.03,87.0,1.792,0.01,96.0
750,1.275,0.05,47.0,1.57,0.01,109.0,2.3,0.03,97.0,1.514,0.03,85.0
751,0.907,0.04,28.0,1.755,0.0,119.0,2.018,0.0,74.0,1.286,0.02,78.0
752,3.206,0.04,150.0,1.671,0.0,108.0,5.53,0.01,230.0,2.45,0.0,173.0
753,3.404,0.01,124.0,1.175,0.01,59.0,2.146,0.0,76.0,1.535,0.0,66.0
754,5.243,0.0,202.0,1.337,0.0,84.0,5.237,0.0,228.0,1.48,0.35,98.0
755,1.476,0.04,52.0,1.238,0.01,80.0,1.569,0.02,46.0,1.332,0.03,74.0
756,1.632,0.05,56.0,1.326,0.0,77.0,1.616,0.0,70.0,2.588,0.03,195.0
757,6.106,0.02,257.0,0.914,0.02,45.0,2.043,0.0,90.0,6.812,0.0,478.0
758,2.485,0.04,94.0,3.147,0.03,228.0,1.831,0.02,67.0,3.018,0.0,115.0
759,6.693,0.0,212.0,2.734,0.08,114.0,4.586,0.04,191.0,2.098,0.02,101.0
760,1.966,0.05,70.0,1.809,0.36,127.0,2.266,0.02,95.0,1.929,0.01,105.0
761,2.278,0.07,73.0,1.545,0.02,106.0,1.883,0.04,83.0,1.939,0.01,119.0
762,0.774,0.01,21.0,2.916,0.01,177.0,1.131,0.01,40.0,1.263,0.03,79.0
763,6.062,0.08,258.0,1.372,0.02,85.0,1.762,0.02,68.0,1.842,0.02,124.0
764,1.136,0.01,40.0,1.458,0.0,85.0,23.668,0.0,1048.0,2.048,0.09,133.0
765,2.505,0.01,100.0,1.182,0.03,73.0,1.49,0.02,51.0,3.008,0.3,177.0
766,9.791,0.07,412.0,1.378,0.0,89.0,2.797,0.0,108.0,1.634,0.0,111.0
767,6.326,0.0,255.0,1.753,0.0,108.0,1.184,0.0,35.0,1.815,0.0,103.0
768,0.854,0.02,29.0,2.241,0.03,155.0,1.522,0.02,59.0,1.526,0.0,113.0
769,4.024,0.01,156.0,1.221,0.0,71.0,3.564,0.0,116.0,1.801,0.0,87.0
770,1.744,0.0,29.0,1.838,0.12,89.0,1.079,0.02,33.0,1.411,0.02,70.0
771,1.01,0.09,34.0,1.328,0.38,64.0,12.755,0.14,554.0,1.264,0.03,76.0
772,4.057,0.06,149.0,1.282,0.02,66.0,5.366,0.07,244.0,1.216,0.02,61.0
773,6.083,0.07,237.0,1.666,0.0,101.0,1.54,0.01,58.0,1.732,0.01,100.0
774,1.394,0.06,49.0,1.184,0.01,69.0,12.677,0.15,570.0,1.124,0.0,69.0
775,3.924,0.0,136.0,1.231,0.0,66.0,1.813,0.0,38.0,3.138,0.06,205.0
776,8.413,0.07,336.0,1.21,0.03,67.0,0.942,0.08,22.0,5.325,0.29,358.0
777,0.872,0.03,26.0,1.454,0.02,83.0,1.408,0.0,53.0,2.084,0.03,139.0
778,1.004,0.0,21.0,1.839,0.0,111.0,1.532,0.02,51.0,1.378,0.03,77.0
779,1.565,0.03,58.0,2.532,0.02,177.0,0.709,0.02,27.0,1.71,0.0,123.0
780,2.119,0.0,72.0,1.566,0.0,87.0,1.068,0.0,25.0,4.24,0.0,150.0
781,1.416,0.08,31.0,1.585,0.0,47.0,8.327,0.14,358.0,2.861,0.07,198.0
782,2.728,0.07,103.0,1.393,0.37,81.0,5.425,0.04,227.0,1.431,0.02,80.0
783,1.048,0.04,30.0,1.933,0.03,127.0,3.396,0.03,148.0,1.108,0.02,69.0
784,8.849,0.05,412.0,2.302,0.01,173.0,1.03,0.0,18.0,1.393,0.0,83.0
785,1.607,0.04,65.0,1.573,0.0,113.0,1.387,0.11,51.0,1.337,0.01,88.0
786,14.121,0.15,623.0,2.401,0.0,151.0,4.14,0.0,165.0,1.826,0.0,110.0
787,0.978,0.0,29.0,2.152,0.0,112.0,4.326,0.0,179.0,2.324,0.27,165.0
788,1.76,0.0,67.0,1.254,0.0,68.0,5.422,0.03,212.0,1.187,0.03,74.0
789,1.573,0.02,45.0,1.678,0.0,93.0,18.479,0.0,836.0,1.73,0.0,114.0
790,4.977,0.0,205.0,1.916,0.0,119.0,18.765,0.2,854.0,1.213,0.0,57.0
791,4.31,0.0,158.0,2.933,0.0,181.0,0.928,0.0,26.0,1.341,0.0,73.0
792,1.509,0.0,63.0,1.321,0.0,78.0,3.501,0.0,107.0,1.797,0.0,80.0
793,5.273,0.1,219.0,1.224,0.75,67.0,1.04,0.02,34.0,1.816,0.03,121.0
794,2.68,0.05,98.0,1.605,0.03,98.0,8.38,0.06,344.0,1.306,0.02,78.0
795,2.697,0.02,97.0,2.235,0.01,151.0,1.718,0.02,59.0,1.36,0.03,91.0
796,1.772,0.03,62.0,1.216,0.02,72.0,2.324,0.0,106.0,4.672,0.04,304.0
797,5.014,0.0,190.0,1.413,0.0,71.0,13.093,0.06,591.0,1.343,0.0,69.0
798,3.906,0.0,65.0,1.142,0.12,59.0,1.08,0.04,30.0,1.498,0.7,84.0
799,4.784,0.06,191.0,0.893,0.05,41.0,2.328,0.03,92.0,1.239,0.04,74.0
800,10.183,0.11,463.0,2.207,0.02,116.0,1.193,0.07,42.0,1.428,0.02,88.0
801,2.037,0.03,78.0,0.831,0.0,49.0,1.25,0.01,47.0,1.46,0.04,93.0
802,1.905,0.03,59.0,2.419,0.0,142.0,4.295,0.02,197.0,1.756,0.0,102.0
803,1.496,0.04,57.0,1.371,0.01,100.0,6.548,0.0,273.0,1.484,0.0,103.0
804,1.585,0.0,59.0,1.246,0.13,66.0,5.087,0.0,223.0,1.613,0.03,93.0
805,3.27,0.0,117.0,1.541,0.0,100.0,1.051,0.0,37.0,1.304,0.0,88.0
806,6.536,0.0,277.0,3.516,0.0,262.0,1.731,0.0,51.0,31.494,0.06,2061.0
807,4.797,0.02,200.0,9.725,0.0,538.0,3.513,0.0,154.0,1.149,0.02,57.0
808,6.414,0.0,283.0,1.183,0.0,65.0,0.994,0.0,33.0,2.095,0.0,141.0
809,3.391,0.02,142.0,22.819,0.09,527.0,4.356,0.04,150.0,2.084,0.0,73.0
810,5.079,0.0,170.0,1.588,0.04,81.0,14.283,0.08,606.0,2.036,0.01,129.0
811,8.721,0.08,393.0,1.957,0.01,101.0,8.63,0.05,368.0,2.312,0.0,117.0
812,8.739,0.02,390.0,1.689,0.0,99.0,1.445,0.0,48.0,2.912,0.0,207.0
813,1.634,0.0,64.0,2.419,0.0,154.0,3.312,0.0,92.0,2.246,0.0,100.0
814,2.47,0.0,88.0,1.328,0.05,68.0,4.205,0.04,152.0,6.302,0.08,409.0
815,3.611,0.04,149.0,2.614,0.32,132.0,10.165,0.08,452.0,2.118,0.01,111.0
816,5.509,0.03,216.0,1.946,0.02,123.0,8.151,0.06,342.0,1.39,0.01,80.0
817,6.111,0.07,249.0,2.117,0.01,131.0,3.34,0.01,126.0,1.865,0.0,115.0
818,2.025,0.0,85.0,1.887,0.0,118.0,3.52,0.0,130.0,2.474,0.0,110.0
819,3.938,0.0,144.0,1.677,0.0,80.0,0.868,0.0,33.0,2.314,0.0,128.0
820,4.254,0.05,157.0,1.673,0.03,89.0,0.947,0.04,31.0,1.189,0.41,78.0
821,1.366,0.02,49.0,4.963,0.05,196.0,8.423,0.09,380.0,1.459,0.01,102.0
822,0.871,0.05,17.0,1.909,0.01,126.0,1.319,0.0,43.0,1.649,0.0,95.0
823,6.442,0.0,260.0,1.182,0.0,68.0,1.697,0.03,65.0,0.938,0.01,56.0
824,1.486,0.01,51.0,2.871,0.0,187.0,3.316,0.0,130.0,1.74,0.0,112.0
825,2.639,0.0,105.0,5.856,0.0,369.0,2.277,0.03,105.0,1.02,0.0,50.0
826,4.358,0.0,185.0,1.255,0.07,47.0,1.461,0.0,50.0,3.028,0.0,130.0
827,2.775,0.0,56.0,1.622,0.03,78.0,6.743,0.05,278.0,1.251,0.02,81.0
828,4.12,0.06,163.0,1.168,0.01,66.0,4.926,0.09,213.0,1.737,0.02,105.0
829,4.399,0.02,189.0,1.105,0.02,67.0,2.112,0.02,79.0,1.668,0.01,101.0
830,0.946,0.03,29.0,1.865,0.01,134.0,1.252,0.02,45.0,1.632,0.0,112.0
831,4.542,0.07,168.0,1.82,0.01,97.0,2.517,0.0,103.0,1.308,0.0,68.0
832,9.979,0.0,426.0,1.063,0.0,62.0,9.376,0.0,198.0,1.708,0.13,105.0
833,2.8,1.89,114.0,0.998,0.07,56.0,4.887,0.06,209.0,1.318,0.03,89.0
834,0.777,0.05,9.0,1.633,0.03,95.0,1.089,0.04,32.0,1.374,0.01,99.0
835,3.416,0.03,172.0,1.328,0.06,76.0,0.89,0.04,29.0,1.756,0.01,114.0
836,1.893,0.09,76.0,2.05,0.02,140.0,1.416,0.02,53.0,1.768,0.02,102.0
837,9.447,0.07,411.0,1.036,0.07,58.0,5.522,0.08,229.0,1.532,0.01,106.0
838,6.512,0.0,287.0,2.947,0.0,193.0,2.631,0.0,83.0,1.935,0.0,116.0
839,30.187,0.02,1334.0,1.669,0.0,101.0,1.535,0.0,52.0,1.66,0.0,106.0
840,5.045,0.0,189.0,1.253,0.01,68.0,5.779,0.02,259.0,2.109,0.02,139.0
841,1.706,0.02,57.0,1.091,0.0,58.0,5.531,0.0,240.0,1.361,0.0,82.0
842,2.175,0.03,63.0,4.724,0.0,302.0,1.147,0.0,43.0,2.289,0.07,107.0
843,1.573,0.0,50.0,2.608,0.0,170.0,4.364,0.0,181.0,1.428,0.01,86.0
844,3.054,0.0,106.0,1.7,0.01,107.0,5.406,0.05,213.0,2.104,0.02,132.0
845,1.246,0.02,44.0,2.104,0.01,151.0,1.214,0.02,39.0,1.918,0.01,115.0
846,0.911,0.0,22.0,2.612,0.0,154.0,1.731,0.0,17.0,1.875,0.0,108.0
847,3.717,1.73,162.0,1.595,0.05,89.0,3.115,0.05,111.0,64.643,0.18,3617.0
848,8.673,0.13,362.0,1.072,0.3,51.0,2.44,0.03,86.0,1.189,0.02,70.0
849,1.34,0.05,39.0,1.47,0.02,76.0,4.491,0.02,194.0,0.929,0.0,53.0
850,4.236,0.04,173.0,3.421,0.09,268.0,1.994,0.0,73.0,1.971,0.0,132.0
851,13.755,0.0,628.0,42.178,0.0,2345.0,5.762,0.0,250.0,2.001,0.0,114.0
852,3.391,0.0,87.0,1.87,0.0,89.0,3.019,0.0,123.0,1.363,0.02,89.0
853,7.877,0.09,324.0,1.468,0.01,88.0,6.642,0.06,285.0,2.616,0.31,192.0
854,1.375,0.06,45.0,1.169,0.03,48.0,1.707,0.03,59.0,1.449,0.03,96.0
855,4.986,0.04,203.0,1.386,0.01,77.0,1.617,0.01,63.0,1.301,0.01,74.0
856,1.826,0.04,54.0,1.295,0.01,77.0,2.41,0.0,91.0,1.353,0.0,90.0
857,8.265,0.02,327.0,10.909,0.0,664.0,4.408,0.0,179.0,1.481,0.0,84.0
858,6.402,0.0,213.0,1.612,1.83,66.0,8.62,0.99,350.0,2.142,0.05,132.0
859,5.284,1.77,211.0,0.871,0.85,37.0,1.21,0.05,40.0,1.702,0.02,105.0
860,7.475,0.09,317.0,3.945,0.04,231.0,5.197,0.02,206.0,1.125,0.01,71.0
861,1.397,0.03,45.0,3.356,0.05,253.0,1.216,0.04,48.0,1.425,0.02,91.0
862,0.941,0.03,30.0,1.546,0.02,93.0,3.451,0.06,150.0,1.494,0.0,94.0
863,7.338,0.03,302.0,2.882,0.0,183.0,0.883,0.0,30.0,2.582,0.0,169.0
864,4.035,0.0,127.0,2.036,0.04,94.0,8.916,0.09,375.0,1.298,0.32,73.0
865,2.373,0.05,81.0,1.888,0.03,90.0,5.247,0.09,224.0,1.548,0.02,85.0
866,8.758,0.07,369.0,2.465,0.02,138.0,16.14,0.05,682.0,2.007,0.02,114.0
867,4.027,0.03,172.0,1.178,0.04,61.0,1.69,0.0,64.0,8.672,0.0,556.0
868,3.153,0.0,112.0,1.381,0.0,74.0,1.742,0.0,62.0,3.245,0.0,253.0
869,1.0,0.02,35.0,1.495,0.0,97.0,2.126,0.03,81.0,1.746,0.0,128.0
870,5.234,0.0,228.0,1.102,0.3,69.0,2.916,0.0,104.0,9.444,0.07,662.0
871,3.949,0.0,161.0,2.122,0.06,124.0,3.321,0.0,121.0,2.01,0.0,136.0
872,13.695,0.0,549.0,3.612,0.02,244.0,5.197,0.03,210.0,1.579,0.03,95.0
873,1.023,0.0,21.0,2.86,0.02,210.0,8.199,0.04,345.0,0.969,0.0,50.0
874,2.035,0.0,38.0,2.631,0.0,85.0,1.661,0.16,56.0,2.501,0.0,77.0
875,9.007,2.73,365.0,5.598,0.15,331.0,2.562,0.05,87.0,1.552,0.6,96.0
876,2.287,0.05,85.0,1.65,0.07,97.0,1.704,0.07,56.0,1.501,0.01,91.0
877,3.009,0.05,132.0,1.768,0.0,125.0,2.2,0.01,81.0,1.11,0.01,67.0
878,4.81,0.03,205.0,1.657,0.02,111.0,0.839,0.03,22.0,1.2,0.02,71.0
879,2.459,0.06,97.0,8.3,0.08,602.0,4.861,0.02,203.0,1.153,0.0,62.0
880,3.64,0.07,128.0,1.265,0.0,61.0,9.141,0.0,350.0,1.688,0.04,73.0
881,2.884,0.1,109.0,1.867,0.35,112.0,11.013,0.06,445.0,1.205,0.02,72.0
882,5.518,0.05,242.0,2.135,0.04,131.0,4.359,0.0,192.0,1.252,0.01,81.0
883,3.043,0.0,134.0,1.574,0.01,111.0,1.425,0.0,55.0,0.965,0.02,53.0
884,1.2,0.0,36.0,1.585,0.0,91.0,2.513,0.0,93.0,1.622,0.0,96.0
885,6.253,0.0,248.0,3.324,0.04,200.0,3.111,0.04,121.0,2.097,0.02,119.0
886,1.014,0.05,32.0,1.165,0.0,64.0,4.914,0.0,209.0,1.099,0.09,65.0
887,3.146,0.0,118.0,2.148,0.03,148.0,1.396,0.0,49.0,1.265,0.01,80.0
888,2.977,0.03,134.0,2.322,0.01,146.0,1.868,0.0,61.0,7.281,0.0,467.0
889,2.919,0.0,106.0,1.617,0.0,80.0,7.521,0.03,309.0,3.091,0.0,198.0
890,1.512,0.0,49.0,1.295,0.0,71.0,1.854,0.02,76.0,1.221,0.0,71.0
891,3.944,0.0,164.0,1.019,0.0,60.0,3.184,0.0,78.0,1.656,0.03,126.0
892,1.099,0.02,51.0,1.374,0.28,83.0,3.085,0.02,136.0,2.577,0.03,176.0
893,8.862,0.09,355.0,34.597,0.12,2131.0,1.428,0.07,52.0,1.468,0.0,86.0
894,7.03,0.03,290.0,2.354,0.0,163.0,5.292,0.0,212.0,0.949,0.0,49.0
895,8.397,0.0,376.0,1.155,0.0,65.0,3.291,0.0,137.0,1.222,0.0,79.0
896,5.539,0.0,210.0,1.331,0.01,70.0,3.154,0.0,108.0,1.539,0.01,98.0
897,1.853,0.0,76.0,1.499,0.01,93.0,3.231,0.0,130.0,42.146,0.18,2752.0
898,10.065,0.04,442.0,1.743,0.0,81.0,3.788,0.0,147.0,2.079,0.0,131.0
899,9.332,0.0,345.0,9.432,0.06,669.0,6.021,0.06,270.0,1.446,0.01,75.0
900,4.428,0.03,180.0,1.096,0.01,67.0,3.846,0.03,156.0,1.535,0.02,104.0
901,4.035,0.0,157.0,1.11,0.02,56.0,2.863,0.02,104.0,2.527,0.01,172.0
902,9.633,0.0,408.0,2.109,0.0,131.0,3.37,0.0,130.0,1.213,0.0,64.0
903,1.992,0.0,22.0,77.426,0.0,3909.0,7.936,1.49,310.0,1.327,0.03,61.0
904,0.737,1.86,16.0,1.154,0.07,55.0,1.864,0.04,79.0,1.179,0.05,71.0
905,1.38,0.05,54.0,1.601,0.04,112.0,1.639,0.08,63.0,1.477,0.02,90.0
906,7.331,0.11,291.0,1.562,0.01,95.0,4.026,0.04,168.0,1.291,0.02,67.0
907,4.277,0.08,156.0,1.481,0.02,88.0,2.056,0.03,85.0,2.946,0.02,183.0
908,1.493,0.01,56.0,1.743,0.0,128.0,8.195,0.0,359.0,1.328,0.09,78.0
909,4.628,0.0,201.0,1.674,0.02,117.0,3.616,0.0,145.0,2.026,0.0,117.0
910,2.845,0.0,103.0,1.456,0.0,84.0,4.885,0.01,190.0,1.886,0.03,81.0
911,2.572,0.09,87.0,1.749,0.05,129.0,3.856,0.02,158.0,1.109,0.02,68.0
912,3.409,0.02,137.0,1.464,0.02,68.0,1.872,0.0,64.0,4.436,0.0,246.0
913,1.297,0.0,46.0,1.895,0.0,104.0,5.648,0.0,241.0,1.292,0.0,82.0
914,1.977,0.0,73.0,1.618,0.0,103.0,5.0,0.0,224.0,1.004,0.0,66.0
915,8.437,0.0,340.0,1.056,0.0,56.0,2.941,0.0,106.0,1.301,0.0,80.0
916,3.927,0.0,117.0,1.687,1.38,94.0,1.231,0.17,40.0,5.867,0.12,480.0
917,4.215,0.52,184.0,3.256,0.05,198.0,3.726,0.04,137.0,2.932,0.03,193.0
918,1.444,0.09,54.0,2.194,0.05,109.0,4.245,0.04,171.0,1.981,0.05,116.0
919,9.801,0.0,422.0,2.409,0.05,169.0,9.615,0.04,405.0,2.265,0.16,165.0
920,5.743,0.0,190.0,2.285,0.0,125.0,1.73,0.0,48.0,2.169,0.0,150.0
921,7.431,1.91,336.0,1.687,0.06,63.0,2.719,0.05,100.0,1.3,0.03,81.0
922,14.831,0.15,671.0,1.457,0.02,81.0,5.804,0.05,228.0,1.423,0.07,77.0
923,1.619,0.04,49.0,1.376,0.02,81.0,14.207,0.1,632.0,2.016,0.04,124.0
924,5.039,0.02,196.0,1.493,0.0,93.0,1.258,0.0,50.0,1.578,0.0,80.0
925,5.419,0.0,212.0,2.292,0.41,129.0,1.739,0.0,69.0,2.256,0.0,136.0
926,1.063,0.0,23.0,1.893,0.0,87.0,1.151,0.0,27.0,2.333,0.0,49.0
927,1.155,1.54,27.0,1.911,0.16,88.0,5.288,0.15,200.0,1.975,0.05,126.0
928,2.355,0.08,83.0,1.926,0.01,109.0,1.758,0.03,41.0,1.237,0.03,75.0
929,6.485,0.14,272.0,1.687,0.02,61.0,1.385,0.01,37.0,1.345,0.04,85.0
930,4.208,0.02,163.0,37.38,0.1,1927.0,1.136,0.09,34.0,1.117,0.12,51.0
931,1.228,0.01,40.0,1.298,0.02,90.0,2.301,0.02,105.0,0.876,0.0,57.0
932,2.188,0.0,84.0,28.604,0.07,1643.0,1.102,0.0,34.0,2.817,0.0,58.0
933,5.213,0.0,157.0,1.549,0.07,74.0,8.117,0.07,354.0,1.423,0.01,98.0
934,2.536,0.02,83.0,1.596,0.02,104.0,3.655,0.1,140.0,0.922,0.02,60.0
935,5.848,0.1,237.0,1.581,0.04,98.0,4.784,0.11,203.0,1.403,0.02,93.0
936,1.669,0.06,56.0,1.509,0.13,86.0,1.849,0.01,72.0,1.26,0.01,75.0
937,3.041,0.1,116.0,2.45,0.04,137.0,5.356,0.0,204.0,2.157,0.0,133.0
938,7.422,0.06,308.0,1.333,0.0,80.0,3.682,0.0,133.0,1.961,0.0,122.0
939,2.382,0.0,80.0,1.191,0.02,72.0,2.826,0.05,122.0,1.825,0.02,116.0
940,0.878,0.02,30.0,1.376,0.02,68.0,1.379,0.01,52.0,1.016,0.01,61.0
941,2.465,0.0,91.0,2.434,0.02,155.0,0.857,0.01,27.0,1.392,0.0,85.0
942,4.059,0.0,171.0,1.277,0.04,76.0,1.404,0.0,39.0,1.604,0.0,120.0
943,1.419,0.04,57.0,1.311,0.01,76.0,3.006,0.0,121.0,1.977,0.0,143.0
944,8.03,0.0,336.0,1.912,0.0,129.0,0.881,0.0,26.0,2.18,0.0,136.0
945,1.487,0.0,52.0,2.676,0.0,140.0,5.357,0.0,160.0,4.045,0.09,197.0
946,2.08,0.09,77.0,63.471,0.07,3610.0,1.542,0.08,62.0,1.631,0.02,97.0
947,1.728,0.04,60.0,1.101,0.16,62.0,1.502,0.0,60.0,1.09,0.01,72.0
948,1.929,0.04,77.0,2.479,0.01,156.0,5.538,0.04,246.0,1.046,0.04,58.0
949,5.603,0.04,241.0,2.007,0.04,131.0,4.399,0.02,175.0,2.725,0.0,191.0
950,11.179,0.0,460.0,1.471,0.0,101.0,11.578,0.0,440.0,1.557,0.08,104.0
951,5.291,0.07,226.0,1.675,0.03,89.0,7.388,0.04,318.0,1.865,0.02,128.0
952,7.638,0.0,322.0,1.569,0.01,98.0,6.401,0.0,270.0,2.64,0.23,145.0
953,5.011,0.0,187.0,1.598,0.0,111.0,1.204,0.0,44.0,1.095,0.04,66.0
954,7.014,0.09,301.0,2.21,0.04,168.0,2.244,0.04,89.0,0.975,0.0,66.0
955,0.971,0.0,34.0,1.838,0.0,92.0,1.392,0.0,36.0,1.514,0.0,91.0
956,5.521,0.0,205.0,1.747,0.01,98.0,1.026,0.0,36.0,2.076,0.03,110.0
957,2.103,0.12,91.0,1.032,0.04,55.0,2.33,0.0,87.0,1.086,0.0,59.0
958,0.785,0.0,21.0,1.301,0.07,65.0,3.175,0.0,128.0,1.333,0.0,76.0
959,3.285,0.11,117.0,1.259,0.01,77.0,1.078,0.01,29.0,2.59,0.01,162.0
960,11.642,0.0,509.0,1.529,0.0,87.0,6.559,0.0,198.0,2.997,2.58,184.0
961,3.084,2.01,118.0,1.374,0.2,76.0,1.204,0.12,37.0,1.383,0.03,76.0
962,1.683,0.07,75.0,13.688,0.16,924.0,1.474,0.11,43.0,1.353,0.04,75.0
963,1.902,0.05,71.0,1.819,0.04,107.0,0.923,0.08,33.0,2.243,0.21,135.0
964,0.719,0.04,21.0,1.574,0.01,84.0,1.601,0.0,45.0,7.422,0.07,511.0
965,6.509,0.04,263.0,1.911,0.03,108.0,3.963,0.0,147.0,1.992,0.02,113.0
966,1.648,0.0,44.0,42.655,0.0,2016.0,3.75,0.1,144.0,1.24,0.03,65.0
967,2.374,0.02,99.0,2.745,0.03,206.0,2.197,0.05,79.0,1.206,0.02,79.0
968,2.466,0.05,100.0,2.257,0.05,111.0,5.751,0.09,204.0,1.772,0.01,78.0
969,1.46,0.0,42.0,1.365,0.1,68.0,1.394,0.04,55.0,1.956,0.0,123.0
970,0.564,0.03,8.0,1.366,0.0,88.0,2.587,0.02,115.0,4.741,0.02,338.0
971,4.225,0.0,150.0,1.159,0.0,61.0,6.06,0.0,214.0,2.997,0.0,173.0
972,5.172,0.1,201.0,1.832,0.04,113.0,1.011,0.03,31.0,1.037,0.07,50.0
973,2.958,0.08,114.0,2.33,0.07,140.0,3.525,0.01,132.0,1.846,0.01,116.0
974,6.861,0.06,294.0,1.196,0.02,68.0,5.679,0.01,249.0,1.258,0.13,82.0
975,1.71,0.0,65.0,1.423,0.0,79.0,1.107,0.0,33.0,1.072,0.0,63.0
976,4.472,0.03,177.0,2.226,0.0,128.0,8.437,0.02,355.0,1.143,0.0,58.0
977,3.671,0.0,66.0,2.062,0.0,69.0,1.508,1.52,24.0,2.345,0.03,92.0
978,3.084,1.89,99.0,1.673,0.04,66.0,0.987,0.04,16.0,36.861,0.19,2210.0
979,9.1,0.09,404.0,1.454,0.03,65.0,2.24,0.04,70.0,1.467,0.0,78.0
980,8.288,0.05,351.0,0.962,0.19,56.0,2.151,0.0,68.0,1.225,0.0,78.0
981,5.304,0.02,220.0,1.173,0.05,65.0,1.816,0.01,64.0,1.891,0.0,126.0
982,2.941,0.05,130.0,1.728,0.0,121.0,0.873,0.0,31.0,1.69,0.0,118.0
983,2.159,0.0,69.0,1.671,0.0,124.0,0.602,0.02,20.0,1.801,0.0,81.0
984,2.868,0.0,103.0,2.641,0.05,142.0,8.037,0.11,353.0,1.635,0.02,98.0
985,8.198,0.04,350.0,2.355,0.01,151.0,1.215,0.0,34.0,1.202,0.07,70.0
986,2.268,0.02,86.0,1.129,0.0,56.0,1.119,0.0,38.0,2.024,0.0,103.0
987,3.008,0.02,114.0,2.136,0.0,123.0,5.122,0.0,207.0,2.645,0.0,183.0
988,3.466,0.0,154.0,1.457,0.0,68.0,5.003,0.0,189.0,1.339,0.0,75.0
989,1.547,0.05,53.0,1.056,0.03,63.0,8.351,0.04,371.0,1.538,0.01,110.0
990,9.912,0.0,393.0,3.571,0.02,215.0,3.127,0.01,116.0,1.71,0.0,56.0
991,2.998,0.0,49.0,2.084,1.22,142.0,2.201,0.09,85.0,1.267,0.01,61.0
992,4.318,0.12,187.0,1.476,0.03,68.0,4.309,0.03,168.0,1.292,0.05,81.0
993,12.687,0.21,548.0,1.447,0.05,61.0,7.816,0.07,323.0,2.231,0.03,143.0
994,3.165,0.04,129.0,1.779,0.01,121.0,9.623,0.02,405.0,1.343,0.0,93.0
995,1.17,0.02,39.0,0.992,0.0,56.0,4.244,0.02,188.0,1.355,0.0,77.0
996,1.326,0.0,27.0,1.489,0.0,81.0,7.628,0.0,300.0,1.824,0.0,79.0
997,2.799,0.0,117.0,1.699,0.0,121.0,4.456,0.0,187.0,1.669,0.0,74.0
998,1.211,0.01,31.0,2.016,0.0,86.0,3.767,0.0,77.0,1.736,0.02,109.0
999,3.089,0.06,116.0,2.104,0.02,98.0,1.979,0.04,72.0,1.778,0.02,87.0
1000,1.481,0.04,51.0,1.838,0.01,101.0,0.771,0.02,22.0,1.89,0.01,122.0
1001,2.294,0.02,104.0,1.406,0.0,89.0,2.395,0.0,99.0,1.926,0.07,142.0
1002,7.439,0.06,352.0,2.033,0.02,133.0,2.713,0.0,102.0,34.425,0.13,2347.0
1003,1.249,0.0,39.0,1.153,0.0,56.0,4.947,0.0,216.0,1.25,0.0,62.0
1004,5.865,0.0,185.0,1.345,0.03,76.0,2.817,0.04,122.0,1.993,0.05,111.0
1005,9.57,0.13,409.0,1.298,0.04,75.0,2.852,0.01,96.0,2.003,0.03,130.0
1006,1.322,0.02,25.0,1.257,0.0,85.0,1.839,0.0,60.0,0.895,0.01,54.0
1007,4.5,0.0,173.0,0.923,0.03,45.0,2.158,0.0,79.0,1.882,0.14,116.0
1008,5.698,0.03,226.0,1.251,0.0,79.0,1.714,0.05,52.0,2.604,0.0,175.0
Average,3.621745292368682,0.127601585728444,159.40634291377603,3.4924172447968274,0.050495540138751314,193.68979187314173,3.4796560951437088,0.05070366699702684,153.05054509415262,2.9580426164519293,0.04897918731417258,174.74231912784936
